ספר,דור,מחבר,קטגוריה
01-נוסח א,"חז""ל",,
02-נוסח ב,"חז""ל",,
03-אלפא ביתא,"חז""ל",,
04-נוסח א,"חז""ל",,
05-נוסח ב,"חז""ל",,
06-השאלות-הנוספות,"חז""ל",,
07-נספחים,"חז""ל",,
שיעורי הגר״י שרייבר - יבמות - Y1,מחברי זמננו,רבי חזקיהו יוסף שרייבר,
שיעורי הגר״י שרייבר - יבמות - Y2,מחברי זמננו,רבי חזקיהו יוסף שרייבר,
שיעורי הגר״י שרייבר - יבמות - Y5,מחברי זמננו,רבי חזקיהו יוסף שרייבר,
אגרות הרמ״ה ✎,ראשונים,רבי מאיר הלוי אבולעפיה (הרמ״ה),
אגרות משה אבן העזר,מחברי זמננו,רבי משה פיינשטיין,
אגרות משה אורח חיים,מחברי זמננו,רבי משה פיינשטיין,
אגרות משה חושן משפט,מחברי זמננו,רבי משה פיינשטיין,
אגרות משה יורה דעה,מחברי זמננו,רבי משה פיינשטיין,
אגרות משה קדשים וטהרות,מחברי זמננו,רבי משה פיינשטיין,
אחיעזר ✎,אחרונים,רבי חיים עוזר גרודזנסקי,
שיעורי הגר״י שרייבר - הלכות מועד - אחריות בחמץ,מחברי זמננו,רבי חזקיהו יוסף שרייבר,
שיעורי הגר״י שרייבר - בבא מציעא - איזהו נשך,מחברי זמננו,רבי חזקיהו יוסף שרייבר,
שיעורי הגר״י שרייבר - בבא מציעא - איזהו נשך אבא,מחברי זמננו,רבי חזקיהו יוסף שרייבר,
שיעורי הגר״י שרייבר - בבא מציעא - איזהו נשך אבא 2,מחברי זמננו,רבי חזקיהו יוסף שרייבר,
שיעורי הגר״י שרייבר - בבא מציעא - אלו מציאות,מחברי זמננו,רבי חזקיהו יוסף שרייבר,
שיעורי הגר״י שרייבר - יבמות - אלמנה מ״מ,מחברי זמננו,רבי חזקיהו יוסף שרייבר,
אמרות אברהם אבות,מחברי זמננו,רבי אברהם זיסקינד,
אמרות אברהם אמונה מתוך תפלה,מחברי זמננו,רבי אברהם זיסקינד,
אמרות אברהם בל תוסיף,מחברי זמננו,רבי אברהם זיסקינד,
אמרות אברהם בן סורר הנשרפין,מחברי זמננו,רבי אברהם זיסקינד,
אמרות אברהם ברכת המצות,מחברי זמננו,רבי אברהם זיסקינד,
אמרות אברהם גיטין פרק ב - ג השולח,מחברי זמננו,רבי אברהם זיסקינד,
אמרות אברהם המניח ד וה החובל,מחברי זמננו,רבי אברהם זיסקינד,
אמרות אברהם המפקיד,מחברי זמננו,רבי אברהם זיסקינד,
אמרות אברהם הערות על האיש מקדש,מחברי זמננו,רבי אברהם זיסקינד,
אמרות אברהם הערות על קדושת שבת,מחברי זמננו,רבי אברהם זיסקינד,
אמרות אברהם השותפין,מחברי זמננו,רבי אברהם זיסקינד,
אמרות אברהם התעלות מתוך תפלה שמונה עשרה,מחברי זמננו,רבי אברהם זיסקינד,
אמרות אברהם זרעא קיימא דמאי ביכורים,מחברי זמננו,רבי אברהם זיסקינד,
אמרות אברהם זרעא קיימא חלה,מחברי זמננו,רבי אברהם זיסקינד,
אמרות אברהם זרעא קיימא פאה ערלה,מחברי זמננו,רבי אברהם זיסקינד,
אמרות אברהם זרעא קיימא תרומות,מחברי זמננו,רבי אברהם זיסקינד,
אמרות אברהם חזקת הבתים,מחברי זמננו,רבי אברהם זיסקינד,
אמרות אברהם יבמות,מחברי זמננו,רבי אברהם זיסקינד,
אמרות אברהם יש נוחלין,מחברי זמננו,רבי אברהם זיסקינד,
אמרות אברהם כלאים,מחברי זמננו,רבי אברהם זיסקינד,
אמרות אברהם כתובות פרק קמא,מחברי זמננו,רבי אברהם זיסקינד,
אמרות אברהם כתובות שני ושלישי,מחברי זמננו,רבי אברהם זיסקינד,
אמרות אברהם מכות,מחברי זמננו,רבי אברהם זיסקינד,
אמרות אברהם מעשר שני,מחברי זמננו,רבי אברהם זיסקינד,
אמרות אברהם מעשרות,מחברי זמננו,רבי אברהם זיסקינד,
אמרות אברהם מצוות ומועדים ב,מחברי זמננו,רבי אברהם זיסקינד,
אמרות אברהם מצות ומועדים א,מחברי זמננו,רבי אברהם זיסקינד,
אמרות אברהם מרובה,מחברי זמננו,רבי אברהם זיסקינד,
אמרות אברהם נדרים,מחברי זמננו,רבי אברהם זיסקינד,
אמרות אברהם סוכה ערכין מקוואות,מחברי זמננו,רבי אברהם זיסקינד,
אמרות אברהם ספר בבמ ליקוטי סוגיות,מחברי זמננו,רבי אברהם זיסקינד,
אמרות אברהם ספר האיש מקדש,מחברי זמננו,רבי אברהם זיסקינד,
אמרות אברהם פסחים,מחברי זמננו,רבי אברהם זיסקינד,
אמרות אברהם פרק הכותב,מחברי זמננו,רבי אברהם זיסקינד,
אמרות אברהם פרק קמא בבא קמא,מחברי זמננו,רבי אברהם זיסקינד,
אמרות אברהם פרק קמא דגיטין,מחברי זמננו,רבי אברהם זיסקינד,
אמרות אברהם פרק קמא קידושין,מחברי זמננו,רבי אברהם זיסקינד,
אמרות אברהם קדושת השבת,מחברי זמננו,רבי אברהם זיסקינד,
אמרות אברהם קונטרס בעניני יובל,מחברי זמננו,רבי אברהם זיסקינד,
אמרות אברהם קריאת התורה,מחברי זמננו,רבי אברהם זיסקינד,
אמרות אברהם שבת,מחברי זמננו,רבי אברהם זיסקינד,
אמרות אברהםשנים אוחזין,מחברי זמננו,רבי אברהם זיסקינד,
שיעורי הגר״י שרייבר - כתובות - אנוסים,מחברי זמננו,רבי חזקיהו יוסף שרייבר,
אנציקלופדיה הלכתית רפואית,מחברי זמננו,רבי אברהם שטיינברג,
אנציקלופדיה תלמודית אות מ,מחברי זמננו,,
אנציקלופדיה תלמודית אות נ,מחברי זמננו,,
אנציקלופדיה תלמודית אות ס,מחברי זמננו,,
אנציקלופדיה תלמודית אות ע,מחברי זמננו,,
אנציקלופדיה תלמודית אות פ,מחברי זמננו,,
אנציקלופדיה תלמודית אות צ,מחברי זמננו,,
אנציקלופדיה תלמודית אות ק,מחברי זמננו,,
אנציקלופדיה תלמודית אות ר,מחברי זמננו,,
אנציקלופדיה תלמודית אות ש,מחברי זמננו,,
אנציקלופדיה תלמודית אות ת,מחברי זמננו,,
אנציקלופדיה תלמודית אותיות  א - כ,מחברי זמננו,,
אסופת ספרי מנהגים ✎,ראשונים,,
בבא בתרא - וגשל,"חז""ל",,
שיעורי הגר״י ארנברג - בבא בתרא - חזקת הבתים,מחברי זמננו,רבי יהושע ארנברג,
שיעורי הגר״י ארנברג - בבא בתרא - יש נוחלין,מחברי זמננו,רבי יהושע ארנברג,
שיעורי הגר״י ארנברג - בבא מציעא,מחברי זמננו,רבי יהושע ארנברג,
בבא מציעא - וגשל,"חז""ל",,
בבא קמא - וגשל,"חז""ל",,
שיעורי הגר״י שרייבר - בבא מציעא - בהודאת בעד ובכוחה נגד עדים,מחברי זמננו,רבי חזקיהו יוסף שרייבר,
שיעורי הגר״י שרייבר - בבא מציעא - בחזרה מהודאה נגד הודאה [שי' הרשבא],מחברי זמננו,רבי חזקיהו יוסף שרייבר,
ביאור הרשב״ץ על הגדה של פסח,ראשונים,רבי שמעון בן צמח דוראן (הרשב״ץ),
ביצה - וגשל,"חז""ל",,
שיעורי הגר״י שרייבר - יבמות - בית היין,מחברי זמננו,רבי חזקיהו יוסף שרייבר,
שיעורי הגר״י שרייבר - הלכות מועד - בל יראה איסור הנאה,מחברי זמננו,רבי חזקיהו יוסף שרייבר,
שיעורי הגר״י שרייבר - בבא מציעא - במחייב השבועה בהודאה במקצת ובמתחייב מתוך טענותיו,מחברי זמננו,רבי חזקיהו יוסף שרייבר,
שיעורי הגר״י שרייבר - בבא מציעא - במיגו דחשיד,מחברי זמננו,רבי חזקיהו יוסף שרייבר,
בנימין זאב ✎,אחרונים,רבי בנימין זאב בן מתתיהו מארטה,
בעלי התוספות ✎,ראשונים,,
שיעורי הגר״י שרייבר - הלכות מועד - בעלים על חלק ההיתר שבחמץ,מחברי זמננו,רבי חזקיהו יוסף שרייבר,
בצומת התורה והמדינה,מחברי זמננו,,
ברכות - וגשל,"חז""ל",,
ברכת שמואל על יבמות,מחברי זמננו,רבי ברוך בער ליבוביץ,
שיעורי הגר״י שרייבר - בבא קמא - ברלין סוכה,מחברי זמננו,רבי חזקיהו יוסף שרייבר,
שיעורי הגר״י שרייבר - מכות - גולין,מחברי זמננו,רבי חזקיהו יוסף שרייבר,
שיעורי הגר״י שרייבר - בבא קמא - גזילה,מחברי זמננו,רבי חזקיהו יוסף שרייבר,
גידולי שמואל מסכת בבא בתרא,אחרונים,רבי שמואל גדליה ניימן,
גידולי שמואל מסכת בבא קמא,אחרונים,רבי שמואל גדליה ניימן,
גידולי שמואל מסכת ביצה,אחרונים,רבי שמואל גדליה ניימן,
גיטין - וגשל,"חז""ל",,
גינת וורדים,אחרונים,רבי אברהם בן מרדכי הלוי,
גליון רז,מחברי זמננו,,
גליון רטו,מחברי זמננו,,
גליון רטז,מחברי זמננו,,
גליון רי,מחברי זמננו,,
גליון ריא,מחברי זמננו,,
גליון ריב,מחברי זמננו,,
גליון ריג,מחברי זמננו,,
גליון ריד,מחברי זמננו,,
גליון ריז,מחברי זמננו,,
גליון ריח,מחברי זמננו,,
גליון ריט,מחברי זמננו,,
גליון רכ,מחברי זמננו,,
גליון רכא,מחברי זמננו,,
גליון רכב,מחברי זמננו,,
גליון רכג,מחברי זמננו,,
גליון רכד,מחברי זמננו,,
גליון רכה,מחברי זמננו,,
גליון רכו,מחברי זמננו,,
גליון רכז,מחברי זמננו,,
גליון רכח,מחברי זמננו,,
גליון רכט,מחברי זמננו,,
גליון רל,מחברי זמננו,,
גליון רלא,מחברי זמננו,,
גליון רלב,מחברי זמננו,,
גליון רלג,מחברי זמננו,,
גליון רלד,מחברי זמננו,,
גליון רלה,מחברי זמננו,,
גליון רלו,מחברי זמננו,,
גליון רלז,מחברי זמננו,,
גליון רלח,מחברי זמננו,,
גליון רלט,מחברי זמננו,,
גליונות בן איש חי,מחברי זמננו,רבי עובדיה יוסף,
דברי דוד מסכת ברכות,אחרונים,רבי דוד טביל ממינסק,
דברי דוד מסכת מועד קטן,אחרונים,רבי דוד טביל ממינסק,
דברי דוד מסכת פסחים,אחרונים,רבי דוד טביל ממינסק,
דגול מרבבה אהע״ז ✎,אחרונים,רבי יחזקאל לנדא,
דעת המועדים החדש  חלק א,מחברי זמננו,,
דעת הנישואין,מחברי זמננו,,
דעת הספירות,מחברי זמננו,,
דעת העבודה,מחברי זמננו,,
דעת השבת,מחברי זמננו,,
דעת התפילה,מחברי זמננו,,
דעת תורה חומש ויקרא ✎,אחרונים,,
שיעורי הגר״י שרייבר - בבא קמא - דרשה,מחברי זמננו,רבי חזקיהו יוסף שרייבר,
דרשות מהר״ח או״ז ✎,ראשונים,רבי חיים אליעזר בן יצחק (מהר״ח אור זרוע),
שיעורי הגר״י שרייבר - בבא קמא - דרשת יונה,מחברי זמננו,רבי חזקיהו יוסף שרייבר,
שיעורי הגר״י שרייבר - יבמות - האשה,מחברי זמננו,רבי חזקיהו יוסף שרייבר,
שיעורי הגר״י שרייבר - יבמות - האשה שלום,מחברי זמננו,רבי חזקיהו יוסף שרייבר,
הב״ח ✎,אחרונים,רבי יואל סירקיש,
הגהות אשרי - בבא בתרא,ראשונים,רבי ישראל מקרמס,
הגהות אשרי - בבא מציעא,ראשונים,רבי ישראל מקרמס,
הגהות אשרי - בבא קמא,ראשונים,רבי ישראל מקרמס,
הגהות אשרי - ביצה,ראשונים,רבי ישראל מקרמס,
הגהות אשרי - ברכות,ראשונים,רבי ישראל מקרמס,
הגהות אשרי - גיטין,ראשונים,רבי ישראל מקרמס,
הגהות אשרי - הלכות קטנות (מנחות) הלכות תפילין,ראשונים,רבי ישראל מקרמס,
הגהות אשרי - חולין,ראשונים,רבי ישראל מקרמס,
הגהות אשרי - כתובות,ראשונים,רבי ישראל מקרמס,
הגהות אשרי - מגילה,ראשונים,רבי ישראל מקרמס,
הגהות אשרי - מועד קטן,ראשונים,רבי ישראל מקרמס,
הגהות אשרי - סוכה,ראשונים,רבי ישראל מקרמס,
הגהות אשרי - סנהדרין,ראשונים,רבי ישראל מקרמס,
הגהות אשרי - עבודה זרה,ראשונים,רבי ישראל מקרמס,
הגהות אשרי - עירובין,ראשונים,רבי ישראל מקרמס,
הגהות אשרי - פסחים,ראשונים,רבי ישראל מקרמס,
הגהות אשרי - קידושין,ראשונים,רבי ישראל מקרמס,
הגהות אשרי - ראש השנה,ראשונים,רבי ישראל מקרמס,
הגהות אשרי - שבועות,ראשונים,רבי ישראל מקרמס,
הגהות אשרי - שבת,ראשונים,רבי ישראל מקרמס,
הגהות אשרי - תענית,ראשונים,רבי ישראל מקרמס,
הגהות ר' בצלאל אשכנזי (בשיטת הקדמונים) מסכת נזיר,ראשונים,רבי בצלאל אשכנזי,
שיעורי הגר״י שרייבר - בבא קמא - הגוזל שלב״ע,מחברי זמננו,רבי חזקיהו יוסף שרייבר,
שיעורי הגר״י שרייבר - יבמות - הוספות בית היין,מחברי זמננו,רבי חזקיהו יוסף שרייבר,
הוריות - וגשל,"חז""ל",,
החיד״א ✎,אחרונים,רבי חיים יוסף דוד אזולאי,
שיעורי הגר״י שרייבר - כתובות - הכותב,מחברי זמננו,רבי חזקיהו יוסף שרייבר,
שיעורי הגר״י שרייבר - כתובות - הכותב 2,מחברי זמננו,רבי חזקיהו יוסף שרייבר,
שיעורי הגר״י שרייבר - כתובות - הכותב אפרים 1,מחברי זמננו,רבי חזקיהו יוסף שרייבר,
שיעורי הגר״י שרייבר - כתובות - הכותב אפרים 3,מחברי זמננו,רבי חזקיהו יוסף שרייבר,
הליכות עולם - הקדמה,מחברי זמננו,רבי עובדיה יוסף,
הליכות עולם - חלק א,מחברי זמננו,רבי עובדיה יוסף,
הליכות עולם - חלק ב,מחברי זמננו,רבי עובדיה יוסף,
הליכות עולם - חלק ג,מחברי זמננו,רבי עובדיה יוסף,
הליכות עולם - חלק ד,מחברי זמננו,רבי עובדיה יוסף,
הליכות עולם - חלק ה,מחברי זמננו,רבי עובדיה יוסף,
הליכות עולם - חלק ו,מחברי זמננו,רבי עובדיה יוסף,
הליכות עולם - חלק ז,מחברי זמננו,רבי עובדיה יוסף,
הליכות עולם - חלק ח,מחברי זמננו,רבי עובדיה יוסף,
הלכות רי״ץ גיאת ✎,ראשונים,רבי יצחק בן יהודה אבן גיאת,
שיעורי הגר״י שרייבר - כתובות - המדיר,מחברי זמננו,רבי חזקיהו יוסף שרייבר,
שיעורי הגר״י שרייבר - בבא מציעא - המפקיד,מחברי זמננו,רבי חזקיהו יוסף שרייבר,
שיעורי הגר״י שרייבר - בבא מציעא - המפקיד 1,מחברי זמננו,רבי חזקיהו יוסף שרייבר,
שיעורי הגר״י שרייבר - יבמות - הערות האשה רבה,מחברי זמננו,רבי חזקיהו יוסף שרייבר,
שיעורי הגר״י שרייבר - בבא מציעא - הערות על איזהו נשך,מחברי זמננו,רבי חזקיהו יוסף שרייבר,
שיעורי הגר״י שרייבר - בבא מציעא - הערות על איזהו נשך אבא,מחברי זמננו,רבי חזקיהו יוסף שרייבר,
שיעורי הגר״י שרייבר - בבא מציעא - הערות על איזהו נשך אבא 2,מחברי זמננו,רבי חזקיהו יוסף שרייבר,
הערות על אמרות אברהם אבות,מחברי זמננו,רבי אברהם זיסקינד,
הערות על אמרות אברהם אמונה מתוך תפלה,מחברי זמננו,רבי אברהם זיסקינד,
הערות על אמרות אברהם בל תוסיף,מחברי זמננו,רבי אברהם זיסקינד,
הערות על אמרות אברהם בן סורר הנשרפין,מחברי זמננו,רבי אברהם זיסקינד,
הערות על אמרות אברהם ברכת המצוות,מחברי זמננו,רבי אברהם זיסקינד,
הערות על אמרות אברהם גיטין פרק ב - ג השולח,מחברי זמננו,רבי אברהם זיסקינד,
הערות על אמרות אברהם המניח ד וה החובל,מחברי זמננו,רבי אברהם זיסקינד,
הערות על אמרות אברהם המפקיד,מחברי זמננו,רבי אברהם זיסקינד,
הערות על אמרות אברהם השותפין,מחברי זמננו,רבי אברהם זיסקינד,
הערות על אמרות אברהם זרעא קיימא דמאי ביכורים,מחברי זמננו,רבי אברהם זיסקינד,
הערות על אמרות אברהם זרעא קיימא חלה,מחברי זמננו,רבי אברהם זיסקינד,
הערות על אמרות אברהם זרעא קיימא פאה ערלה,מחברי זמננו,רבי אברהם זיסקינד,
הערות על אמרות אברהם זרעא קיימא תרומות,מחברי זמננו,רבי אברהם זיסקינד,
הערות על אמרות אברהם חזקת הבתים,מחברי זמננו,רבי אברהם זיסקינד,
הערות על אמרות אברהם יבמות,מחברי זמננו,רבי אברהם זיסקינד,
הערות על אמרות אברהם יש נוחלין,מחברי זמננו,רבי אברהם זיסקינד,
הערות על אמרות אברהם כלאים,מחברי זמננו,רבי אברהם זיסקינד,
הערות על אמרות אברהם כתובות פרק קמא,מחברי זמננו,רבי אברהם זיסקינד,
הערות על אמרות אברהם כתובות שני ושלישי,מחברי זמננו,רבי אברהם זיסקינד,
הערות על אמרות אברהם מכות,מחברי זמננו,רבי אברהם זיסקינד,
הערות על אמרות אברהם מעשר שני,מחברי זמננו,רבי אברהם זיסקינד,
הערות על אמרות אברהם מעשרות,מחברי זמננו,רבי אברהם זיסקינד,
הערות על אמרות אברהם מצוות ומועדים ב,מחברי זמננו,רבי אברהם זיסקינד,
הערות על אמרות אברהם מצות ומועדים א,מחברי זמננו,רבי אברהם זיסקינד,
הערות על אמרות אברהם מרובה,מחברי זמננו,רבי אברהם זיסקינד,
הערות על אמרות אברהם נדרים,מחברי זמננו,רבי אברהם זיסקינד,
הערות על אמרות אברהם סוכה ערכין מקוואות,מחברי זמננו,רבי אברהם זיסקינד,
הערות על אמרות אברהם ספר בבמ ליקוטי סוגיות,מחברי זמננו,רבי אברהם זיסקינד,
הערות על אמרות אברהם פסחים,מחברי זמננו,רבי אברהם זיסקינד,
הערות על אמרות אברהם פרק הכותב,מחברי זמננו,רבי אברהם זיסקינד,
הערות על אמרות אברהם פרק קמא בבא קמא,מחברי זמננו,רבי אברהם זיסקינד,
הערות על אמרות אברהם פרק קמא דגיטין,מחברי זמננו,רבי אברהם זיסקינד,
הערות על אמרות אברהם קונטרס בעניני יובל,מחברי זמננו,רבי אברהם זיסקינד,
הערות על אמרות אברהם קריאת התורה,מחברי זמננו,רבי אברהם זיסקינד,
הערות על אמרות אברהם שבת,מחברי זמננו,רבי אברהם זיסקינד,
הערות על אמרות אברהם שנים אוחזין,מחברי זמננו,רבי אברהם זיסקינד,
שיעורי הגר״י שרייבר - כתובות - הערות על אנוסים,מחברי זמננו,רבי חזקיהו יוסף שרייבר,
הערות על אנציקלופדיה תלמודית אות מ,מחברי זמננו,,
הערות על אנציקלופדיה תלמודית אות נ,מחברי זמננו,,
הערות על אנציקלופדיה תלמודית אות ס,מחברי זמננו,,
הערות על אנציקלופדיה תלמודית אות ע,מחברי זמננו,,
הערות על אנציקלופדיה תלמודית אות פ,מחברי זמננו,,
הערות על אנציקלופדיה תלמודית אות צ,מחברי זמננו,,
הערות על אנציקלופדיה תלמודית אות ק,מחברי זמננו,,
הערות על אנציקלופדיה תלמודית אות ר,מחברי זמננו,,
הערות על אנציקלופדיה תלמודית אות ש,מחברי זמננו,,
הערות על אנציקלופדיה תלמודית אות ת,מחברי זמננו,,
שיעורי הגר״י שרייבר - יבמות - הערות על בית היין,מחברי זמננו,רבי חזקיהו יוסף שרייבר,
שיעורי הגר״י שרייבר - הלכות מועד - הערות על בל יראה איסור הנאה,מחברי זמננו,רבי חזקיהו יוסף שרייבר,
שיעורי הגר״י שרייבר - כתובות - הערות על גולין,מחברי זמננו,רבי חזקיהו יוסף שרייבר,
שיעורי הגר״י שרייבר - בבא קמא - הערות על גזילה,מחברי זמננו,רבי חזקיהו יוסף שרייבר,
הערות על דעת המועדים החדש  חלק א,מחברי זמננו,,
הערות על דעת הנישואין,מחברי זמננו,,
הערות על דעת הספירות,מחברי זמננו,,
הערות על דעת העבודה,מחברי זמננו,,
הערות על דעת השבת,מחברי זמננו,,
הערות על דעת התפילה,מחברי זמננו,,
שיעורי הגר״י שרייבר - יבמות - הערות על האשה,מחברי זמננו,רבי חזקיהו יוסף שרייבר,
שיעורי הגר״י שרייבר - יבמות - הערות על הוספות בית היין,מחברי זמננו,רבי חזקיהו יוסף שרייבר,
שיעורי הגר״י שרייבר - כתובות - הערות על הכותב,מחברי זמננו,רבי חזקיהו יוסף שרייבר,
שיעורי הגר״י שרייבר - יבמות - הערות על הערות האשה רבה,מחברי זמננו,רבי חזקיהו יוסף שרייבר,
אמרות אברהם הערות על התעלות מתוך תפלה שמונה עשרה,מחברי זמננו,רבי אברהם זיסקינד,
שיעורי הגר״י שרייבר - בבא מציעא - הערות על חדושי תורה,מחברי זמננו,רבי חזקיהו יוסף שרייבר,
שיעורי הגר״י שרייבר - בבא בתרא - הערות על חזקת,מחברי זמננו,רבי חזקיהו יוסף שרייבר,
שיעורי הגר״י שרייבר - בבא בתרא - הערות על חזקת הבתים,מחברי זמננו,רבי חזקיהו יוסף שרייבר,
שיעורי הגר״י שרייבר - הלכות מועד - הערות על חמץ אינו ברשותו ועשאו הכתוב כאילו הוא ברשותו,מחברי זמננו,רבי חזקיהו יוסף שרייבר,
שיעורי הגר״י שרייבר - יבמות - הערות על טירת כסף,מחברי זמננו,רבי חזקיהו יוסף שרייבר,
שיעורי הגר״י שרייבר - כתובות - הערות על מי שהיה נשוי,מחברי זמננו,רבי חזקיהו יוסף שרייבר,
שיעורי הגר״י שרייבר - בבא קמא - הערות על מיטב,מחברי זמננו,רבי חזקיהו יוסף שרייבר,
שיעורי הגר״י שרייבר - בבא מציעא - הערות על נאמן ע״ע,מחברי זמננו,רבי חזקיהו יוסף שרייבר,
שיעורי הגר״י שרייבר - נדרים - הערות על נדרים,מחברי זמננו,רבי חזקיהו יוסף שרייבר,
שיעורי הגר״י שרייבר - בבא בתרא - הערות על נסכא,מחברי זמננו,רבי חזקיהו יוסף שרייבר,
שיעורי הגר״י שרייבר - כתובות - הערות על נספח מי שהיה נשוי,מחברי זמננו,רבי חזקיהו יוסף שרייבר,
שיעורי הגר״י שרייבר - בבא קמא - הערות על נספחי גזילה,מחברי זמננו,רבי חזקיהו יוסף שרייבר,
שיעורי הגר״י שרייבר - בבא מציעא - הערות על סימנים,מחברי זמננו,רבי חזקיהו יוסף שרייבר,
שיעורי הגר״י שרייבר - ענייני בעלות - הערות על עניני בעלות תורת שלו,מחברי זמננו,רבי חזקיהו יוסף שרייבר,
הערות על פרק אמרות אברהם קמא קידושין,מחברי זמננו,רבי אברהם זיסקינד,
הערות על שות הרשבא חלק ד,ראשונים,,
הערות על שות הרשבא חלק ה,ראשונים,,
הערות על שות הרשבא חלק ו,ראשונים,,
הערות על שות הרשבא חלק ז,ראשונים,,
שיעורי הגר״י שרייבר - בבא מציעא - הערות על שנים אוחזין 1,מחברי זמננו,רבי חזקיהו יוסף שרייבר,
שיעורי הגר״י שרייבר - בבא מציעא - הערות על שנים אוחזין 2,מחברי זמננו,רבי חזקיהו יוסף שרייבר,
שיעורי הגר״י שרייבר - בבא קמא - הערות על שער מיטב,מחברי זמננו,רבי חזקיהו יוסף שרייבר,
הערות על תשובות הרדבז חלק ז,ראשונים,,
הערות שוליים על תשובות הרשבא מיוחס להרמבן,ראשונים,,
שיעורי הגר״י שרייבר - בבא מציעא - הערות שנים אוחזין,מחברי זמננו,רבי חזקיהו יוסף שרייבר,
שיעורי הגר״י שרייבר - בבא קמא - הפרה,מחברי זמננו,רבי חזקיהו יוסף שרייבר,
הר צבי ✎,מחברי זמננו,רבי צבי פסח פרנק,
הר״ן ✎,ראשונים,רבי ניסים גירונדי (הר״ן),
הרא״ש ✎,ראשונים,רבי אשר בן יחיאל (הרא״ש),
הראב״ד ✎,ראשונים,,
הראנ״ח ✎,ראשונים,,
הרי בשמים מסכת ביצה,אחרונים,,
הרי בשמים מסכת בכורות,אחרונים,,
הרי בשמים מסכת זבחים,אחרונים,,
הרי בשמים מסכת יומא,אחרונים,,
הרי בשמים מסכת כריתות,אחרונים,,
הרי בשמים מסכת מגילה,אחרונים,,
הרי בשמים מסכת מנחות,אחרונים,,
הרי בשמים מסכת סוכה,אחרונים,,
הרי בשמים מסכת עבודה זרה,אחרונים,,
הרי בשמים מסכת פסחים,אחרונים,,
הרי בשמים מסכת קידושין,אחרונים,,
הרי בשמים מסכת ראש השנה,אחרונים,,
הרי בשמים מסכת תענית,אחרונים,,
הרמ״א ✎,אחרונים,רבי משה איסרליש (הרמ״א),
השלמה על עבודה זרה,ראשונים,,
זבחים - וגשל,"חז""ל",,
זרע יצחק מסכת בבא בתרא,אחרונים,,
זרע יצחק מסכת בבא קמא,אחרונים,,
זרע יצחק מסכת ביצה,אחרונים,,
זרע יצחק מסכת בכורות,אחרונים,,
זרע יצחק מסכת ברכות,אחרונים,,
זרע יצחק מסכת זבחים,אחרונים,,
זרע יצחק מסכת חגיגה,אחרונים,,
זרע יצחק מסכת יומא,אחרונים,,
זרע יצחק מסכת כריתות,אחרונים,,
זרע יצחק מסכת מגילה,אחרונים,,
זרע יצחק מסכת מועד קטן,אחרונים,,
זרע יצחק מסכת מכות,אחרונים,,
זרע יצחק מסכת מנחות,אחרונים,,
זרע יצחק מסכת מעילה,אחרונים,,
זרע יצחק מסכת נדה,אחרונים,,
זרע יצחק מסכת נדרים,אחרונים,,
זרע יצחק מסכת נזיר,אחרונים,,
זרע יצחק מסכת סוטה,אחרונים,,
זרע יצחק מסכת סוכה,אחרונים,,
זרע יצחק מסכת סנהדרין,אחרונים,,
זרע יצחק מסכת עבודה זרה,אחרונים,,
זרע יצחק מסכת עירובין,אחרונים,,
זרע יצחק מסכת ערכין,אחרונים,,
זרע יצחק מסכת פסחים,אחרונים,,
זרע יצחק מסכת קידושין,אחרונים,,
זרע יצחק מסכת ראש השנה,אחרונים,,
זרע יצחק מסכת תמורה,אחרונים,,
זרע יצחק מסכת תענית,אחרונים,,
חגיגה - וגשל,"חז""ל",,
שיעורי הגר״י שרייבר - בבא מציעא - חדושי תורה,מחברי זמננו,רבי חזקיהו יוסף שרייבר,
חו״ב - אורח חיים - מועד,מחברי זמננו,,
חו״ב - זרעים,מחברי זמננו,,
חו״ב - טהרות,מחברי זמננו,,
חו״ב - על הש״ס,מחברי זמננו,,
חוות דעת ביאורים - הלכות ריבית,מחברי זמננו,רבי יעקב מליסא,
חולין - וגשל,"חז""ל",,
חזה התנופה,אחרונים,,
חזוא אמונה וביטחון פרק ג - השמטות,מחברי זמננו,רבי אברהם ישעיהו קרליץ,
חזון עובדיה - אבלות,מחברי זמננו,רבי עובדיה יוסף,
חזון עובדיה - ארבעה תעניות,מחברי זמננו,רבי עובדיה יוסף,
חזון עובדיה - ברכות,מחברי זמננו,רבי עובדיה יוסף,
חזון עובדיה - חנוכה,מחברי זמננו,רבי עובדיה יוסף,
חזון עובדיה - יום טוב,מחברי זמננו,רבי עובדיה יוסף,
חזון עובדיה - ימים נוראים,מחברי זמננו,רבי עובדיה יוסף,
חזון עובדיה - סוכה,מחברי זמננו,רבי עובדיה יוסף,
חזון עובדיה - פורים,מחברי זמננו,רבי עובדיה יוסף,
חזון עובדיה - פסח,מחברי זמננו,רבי עובדיה יוסף,
חזון עובדיה - שבת,מחברי זמננו,רבי עובדיה יוסף,
חזון עובדיה - שמיטת כספים,מחברי זמננו,רבי עובדיה יוסף,
חזון עובדיה - תרומות ומעשרות,מחברי זמננו,רבי עובדיה יוסף,
שיעורי הגר״י שרייבר - בבא בתרא - חזקת,מחברי זמננו,רבי חזקיהו יוסף שרייבר,
שיעורי הגר״י שרייבר - בבא בתרא - חזקת הבתים,מחברי זמננו,רבי חזקיהו יוסף שרייבר,
חידושי אגדות - מסכת יבמות,אחרונים,רבי יהודה ליווא (המהר״ל מפראג),
חידושי אגדות - מסכת כתובות,אחרונים,רבי יהודה ליווא (המהר״ל מפראג),
חידושי אגדות - מסכת נדרים,אחרונים,רבי יהודה ליווא (המהר״ל מפראג),
חידושי אגדות - מסכת נזיר,אחרונים,רבי יהודה ליווא (המהר״ל מפראג),
חידושי אגדות - מסכת סוטה,אחרונים,רבי יהודה ליווא (המהר״ל מפראג),
חידושי אגדות - מסכת קדושין,אחרונים,רבי יהודה ליווא (המהר״ל מפראג),
חידושי אגדות - מסכת ראש השנה,אחרונים,רבי יהודה ליווא (המהר״ל מפראג),
חידושי אגדות - מסכת שבועות,אחרונים,רבי יהודה ליווא (המהר״ל מפראג),
חידושי אגדות - מסכת תמורה,אחרונים,רבי יהודה ליווא (המהר״ל מפראג),
חידושי אגדות למהר״ל בכורות,אחרונים,רבי יהודה ליווא (המהר״ל מפראג),
חידושי אגדות למהר״ל כריתות,אחרונים,רבי יהודה ליווא (המהר״ל מפראג),
חידושי אגדות למהר״ל מכות,אחרונים,רבי יהודה ליווא (המהר״ל מפראג),
חידושי אגדות למהר״ל מנחות,אחרונים,רבי יהודה ליווא (המהר״ל מפראג),
חידושי אגדות למהר״ל נדה,אחרונים,רבי יהודה ליווא (המהר״ל מפראג),
חידושי אגדות למהר״ל סנהדרין,אחרונים,רבי יהודה ליווא (המהר״ל מפראג),
חידושי אגדות למהר״ל עבודה זרה,אחרונים,רבי יהודה ליווא (המהר״ל מפראג),
חידושי אגדות למהר״ל ערכין,אחרונים,רבי יהודה ליווא (המהר״ל מפראג),
חידושי אגדות למהר״ל תמיד,אחרונים,רבי יהודה ליווא (המהר״ל מפראג),
חידושי אגדות – מסכת גיטין,אחרונים,רבי יהודה ליווא (המהר״ל מפראג),
חידושי אגדות – מסכת הוריות,אחרונים,רבי יהודה ליווא (המהר״ל מפראג),
חידושי אגדות – מסכת זבחים,אחרונים,רבי יהודה ליווא (המהר״ל מפראג),
חידושי אגדות – מסכת שבת,אחרונים,רבי יהודה ליווא (המהר״ל מפראג),
חידושי ברוך טעם מסכת בבא בתרא,אחרונים,,
חידושי ברוך טעם מסכת בבא קמא,אחרונים,,
חידושי ברוך טעם מסכת ביצה,אחרונים,,
חידושי ברוך טעם מסכת מגילה,אחרונים,,
חידושי ברוך טעם מסכת מכות,אחרונים,,
חידושי ברוך טעם מסכת נדרים,אחרונים,,
חידושי ברוך טעם מסכת סנהדרין,אחרונים,,
חידושי ברוך טעם מסכת פסחים,אחרונים,,
חידושי ברוך טעם מסכת קידושין,אחרונים,,
חידושי ברוך טעם מסכת ראש השנה,אחרונים,,
חידושי הגרי״ד ענינים,מחברי זמננו,,
חידושי הגרי״ז ענינים ✎,אחרונים,,
חידושי הגרי״ז מסכת בכורות 1,אחרונים,רבי יצחק זאב סולובייצ'יק,
חידושי הגרי״ז מסכת בכורות 2,אחרונים,רבי יצחק זאב סולובייצ'יק,
חידושי הגרי״ז מסכת זבחים,אחרונים,רבי יצחק זאב סולובייצ'יק,
חידושי הגרי״ז מסכת יומא,אחרונים,רבי יצחק זאב סולובייצ'יק,
חידושי הגרי״ז מסכת כריתות,אחרונים,רבי יצחק זאב סולובייצ'יק,
חידושי הגרי״ז מסכת מנחות,אחרונים,רבי יצחק זאב סולובייצ'יק,
חידושי הגרי״ז מסכת נזיר,אחרונים,רבי יצחק זאב סולובייצ'יק,
חידושי הגרי״ז מסכת סוטה,אחרונים,רבי יצחק זאב סולובייצ'יק,
חידושי הגרי״ז מסכת ערכין,אחרונים,רבי יצחק זאב סולובייצ'יק,
חידושי הגרי״ז מסכת תמורה,אחרונים,רבי יצחק זאב סולובייצ'יק,
חידושי הגרי״ז מסכת תמיד,אחרונים,רבי יצחק זאב סולובייצ'יק,
חידושי הגר״ח מסכת בבא בתרא,אחרונים,רבי חיים הלוי סולובייצ'יק,
חידושי הגר״ח מסכת בבא קמא,אחרונים,רבי חיים הלוי סולובייצ'יק,
חידושי הגר״ח מסכת בכורות,אחרונים,רבי חיים הלוי סולובייצ'יק,
חידושי הגר״ח מסכת ברכות,אחרונים,רבי חיים הלוי סולובייצ'יק,
חידושי הגר״ח מסכת זבחים,אחרונים,רבי חיים הלוי סולובייצ'יק,
חידושי הגר״ח מסכת חגיגה,אחרונים,רבי חיים הלוי סולובייצ'יק,
חידושי הגר״ח מסכת יומא,אחרונים,רבי חיים הלוי סולובייצ'יק,
חידושי הגר״ח מסכת כריתות,אחרונים,רבי חיים הלוי סולובייצ'יק,
חידושי הגר״ח מסכת מגילה,אחרונים,רבי חיים הלוי סולובייצ'יק,
חידושי הגר״ח מסכת מועד קטן,אחרונים,רבי חיים הלוי סולובייצ'יק,
חידושי הגר״ח מסכת מכות,אחרונים,רבי חיים הלוי סולובייצ'יק,
חידושי הגר״ח מסכת מנחות,אחרונים,רבי חיים הלוי סולובייצ'יק,
חידושי הגר״ח מסכת מעילה,אחרונים,רבי חיים הלוי סולובייצ'יק,
חידושי הגר״ח מסכת נדה,אחרונים,רבי חיים הלוי סולובייצ'יק,
חידושי הגר״ח מסכת נדרים,אחרונים,רבי חיים הלוי סולובייצ'יק,
חידושי הגר״ח מסכת נזיר,אחרונים,רבי חיים הלוי סולובייצ'יק,
חידושי הגר״ח מסכת סוטה,אחרונים,רבי חיים הלוי סולובייצ'יק,
חידושי הגר״ח מסכת סוכה,אחרונים,רבי חיים הלוי סולובייצ'יק,
חידושי הגר״ח מסכת סנהדרין,אחרונים,רבי חיים הלוי סולובייצ'יק,
חידושי הגר״ח מסכת עבודה זרה,אחרונים,רבי חיים הלוי סולובייצ'יק,
חידושי הגר״ח מסכת עירובין,אחרונים,רבי חיים הלוי סולובייצ'יק,
חידושי הגר״ח מסכת ערכין,אחרונים,רבי חיים הלוי סולובייצ'יק,
חידושי הגר״ח מסכת פסחים,אחרונים,רבי חיים הלוי סולובייצ'יק,
חידושי הגר״ח מסכת קידושין,אחרונים,רבי חיים הלוי סולובייצ'יק,
חידושי הגר״ח מסכת ראש השנה,אחרונים,רבי חיים הלוי סולובייצ'יק,
חידושי הגר״ח מסכת תמורה,אחרונים,רבי חיים הלוי סולובייצ'יק,
חידושי הגר״ח מסכת תמיד,אחרונים,רבי חיים הלוי סולובייצ'יק,
חידושי המהר״ל מסכת בבא מציעא,אחרונים,רבי יהודה ליווא (המהר״ל מפראג),
חידושי המהר״ל מסכת עירובין,אחרונים,רבי יהודה ליווא (המהר״ל מפראג),
חידושי הראבד על עבודה זרה,ראשונים,,
חידושי הראה על עבודה זרה,ראשונים,,
חידושי הרא״ה מסכת סוכה,ראשונים,רבי אהרן הלוי (הרא״ה),
חידושי הרא״ה מסכת עבודה זרה,ראשונים,רבי אהרן הלוי (הרא״ה),
חידושי הרא״ה מסכת קידושין,ראשונים,רבי אהרן הלוי (הרא״ה),
חידושי הרא״ה מסכת תענית,ראשונים,רבי אהרן הלוי (הרא״ה),
חידושי הריטבא - שבת,ראשונים,רבי יום טוב אשבילי (הריטב״א),
חידושי הריטבא בבא מציעא פרק איזהו נשך,ראשונים,רבי יום טוב אשבילי (הריטב״א),
חידושי הריטב״א מסכת בבא בתרא,ראשונים,רבי יום טוב אשבילי (הריטב״א),
חידושי הריטב״א מסכת בבא מציעא,ראשונים,רבי יום טוב אשבילי (הריטב״א),
חידושי הריטב״א מסכת ביצה,ראשונים,רבי יום טוב אשבילי (הריטב״א),
חידושי הרי״מ מסכת ביצה,אחרונים,,
חידושי הרי״מ מסכת ברכות,אחרונים,,
חידושי הרי״מ מסכת זבחים,אחרונים,,
חידושי הרי״מ מסכת מכות,אחרונים,,
חידושי הרי״מ מסכת נדה,אחרונים,,
חידושי הרי״מ מסכת נדרים,אחרונים,,
חידושי הרי״מ מסכת סנהדרין,אחרונים,,
חידושי הרי״מ מסכת עבודה זרה,אחרונים,,
חידושי הרי״מ מסכת פסחים,אחרונים,,
חידושי הר״ן מסכת בבא בתרא,ראשונים,רבי ניסים גירונדי (הר״ן),
חידושי הר״ן מסכת מועד קטן,ראשונים,רבי ניסים גירונדי (הר״ן),
חידושי הר״ן מסכת נדה,ראשונים,רבי ניסים גירונדי (הר״ן),
חידושי הר״ן מסכת סנהדרין,ראשונים,רבי ניסים גירונדי (הר״ן),
חידושי מהר״ם שיף מסכת חגיגה,אחרונים,רבי מאיר בן יעקב שיף,
חידושי מהר״ם שיף מסכת מגילה,אחרונים,רבי מאיר בן יעקב שיף,
חידושי מהר״ם שיף מסכת פסחים,אחרונים,רבי מאיר בן יעקב שיף,
חידושי מרן ריז הלוי על הרמבם,מחברי זמננו,,
חידושי ר' מאיר שמחה,אחרונים,רבי מאיר שמחה הכהן מדווינסק,
חידושי ר' מאיר שמחה מסכת בבא בתרא,אחרונים,רבי מאיר שמחה הכהן מדווינסק,
חידושי ר' מאיר שמחה מסכת בבא קמא,אחרונים,רבי מאיר שמחה הכהן מדווינסק,
חידושי ר' מאיר שמחה מסכת בכורות,אחרונים,רבי מאיר שמחה הכהן מדווינסק,
חידושי ר' מאיר שמחה מסכת זבחים,אחרונים,רבי מאיר שמחה הכהן מדווינסק,
חידושי ר' מאיר שמחה מסכת יומא,אחרונים,רבי מאיר שמחה הכהן מדווינסק,
חידושי ר' מאיר שמחה מסכת כריתות,אחרונים,רבי מאיר שמחה הכהן מדווינסק,
חידושי ר' מאיר שמחה מסכת מגילה,אחרונים,רבי מאיר שמחה הכהן מדווינסק,
חידושי ר' מאיר שמחה מסכת מנחות,אחרונים,רבי מאיר שמחה הכהן מדווינסק,
חידושי ר' מאיר שמחה מסכת מעילה,אחרונים,רבי מאיר שמחה הכהן מדווינסק,
חידושי ר' מאיר שמחה מסכת נדה,אחרונים,רבי מאיר שמחה הכהן מדווינסק,
חידושי ר' מאיר שמחה מסכת נדרים,אחרונים,רבי מאיר שמחה הכהן מדווינסק,
חידושי ר' מאיר שמחה מסכת נזיר,אחרונים,רבי מאיר שמחה הכהן מדווינסק,
חידושי ר' מאיר שמחה מסכת סוטה,אחרונים,רבי מאיר שמחה הכהן מדווינסק,
חידושי ר' מאיר שמחה מסכת סוכה,אחרונים,רבי מאיר שמחה הכהן מדווינסק,
חידושי ר' מאיר שמחה מסכת סנהדרין,אחרונים,רבי מאיר שמחה הכהן מדווינסק,
חידושי ר' מאיר שמחה מסכת עירובין,אחרונים,רבי מאיר שמחה הכהן מדווינסק,
חידושי ר' מאיר שמחה מסכת ערכין,אחרונים,רבי מאיר שמחה הכהן מדווינסק,
חידושי ר' מאיר שמחה מסכת פסחים,אחרונים,רבי מאיר שמחה הכהן מדווינסק,
חידושי ר' מאיר שמחה מסכת קידושין,אחרונים,רבי מאיר שמחה הכהן מדווינסק,
חידושי ר' מאיר שמחה מסכת ראש השנה,אחרונים,רבי מאיר שמחה הכהן מדווינסק,
חידושי ר' מאיר שמחה מסכת תמורה,אחרונים,רבי מאיר שמחה הכהן מדווינסק,
חידושי ר' נחום מסכת בבא בתרא,אחרונים,רבי נחום פרצוביץ,
חידושי ר' נחום מסכת בבא קמא,אחרונים,רבי נחום פרצוביץ,
שיעורי הגר״י שרייבר - הלכות מועד - חמץ אינו ברשותו ועשאו הכתוב כאילו הוא ברשותו,מחברי זמננו,רבי חזקיהו יוסף שרייבר,
חנוך הנער,אחרונים,,
חפץ ה' מסכת ברכות,אחרונים,רבי חיים בן עטר,
חפץ ה' מסכת הוריות,אחרונים,רבי חיים בן עטר,
חתם סופר מסכת מכות,אחרונים,רבי משה סופר,
חתם סופר מסכת קידושין,אחרונים,רבי משה סופר,
שיעורי הגר״י שרייבר - יבמות - טירת כסף,מחברי זמננו,רבי חזקיהו יוסף שרייבר,
יביע אומר חלק א,מחברי זמננו,רבי עובדיה יוסף,
יביע אומר חלק ב,מחברי זמננו,רבי עובדיה יוסף,
יביע אומר חלק ג,מחברי זמננו,רבי עובדיה יוסף,
יביע אומר חלק ד,מחברי זמננו,רבי עובדיה יוסף,
יביע אומר חלק ה,מחברי זמננו,רבי עובדיה יוסף,
יביע אומר חלק ו,מחברי זמננו,רבי עובדיה יוסף,
יביע אומר חלק ז,מחברי זמננו,רבי עובדיה יוסף,
יביע אומר חלק ח,מחברי זמננו,רבי עובדיה יוסף,
יביע אומר חלק ט,מחברי זמננו,רבי עובדיה יוסף,
יביע אומר חלק י,מחברי זמננו,רבי עובדיה יוסף,
שיעורי הגר״י ארנברג - יבמות,מחברי זמננו,רבי יהושע ארנברג,
יבמות - וגשל,"חז""ל",,
שיעורי הגר״י שרייבר - יבמות - יבמות מ״מ,מחברי זמננו,רבי חזקיהו יוסף שרייבר,
יום תרועה מסכת ראש השנה,אחרונים,רבי משה בן חביב,
יומא - וגשל,"חז""ל",,
יחווה דעת ✎,מחברי זמננו,רבי עובדיה יוסף,
ים של שלמה על בבא קמא,אחרונים,רבי שלמה לוריא (המהרש״ל),
ים של שלמה על יבמות,אחרונים,רבי שלמה לוריא (המהרש״ל),
ירח האיתנים (בתוך שו״ת איתן האזרחי) מסכת ברכות,אחרונים,,
ירח האיתנים (בתוך שו״ת איתן האזרחי) מסכת זבחים,אחרונים,,
ירח האיתנים (בתוך שו״ת איתן האזרחי) מסכת חגיגה,אחרונים,,
ירח האיתנים (בתוך שו״ת איתן האזרחי) מסכת יומא,אחרונים,,
ירח האיתנים (בתוך שו״ת איתן האזרחי) מסכת מכות,אחרונים,,
ירח האיתנים (בתוך שו״ת איתן האזרחי) מסכת סוטה,אחרונים,,
ירח האיתנים (בתוך שו״ת איתן האזרחי) מסכת סוכה,אחרונים,,
ירח האיתנים (בתוך שו״ת איתן האזרחי) מסכת סנהדרין,אחרונים,,
ירח האיתנים (בתוך שו״ת איתן האזרחי) מסכת פסחים,אחרונים,,
ירח האיתנים (בתוך שו״ת איתן האזרחי) מסכת קידושין,אחרונים,,
ירח האיתנים (בתוך שו״ת איתן האזרחי) מסכת ראש השנה,אחרונים,,
שיעורי הגר״י שרייבר - בבא בתרא - יש נוחלין (אייר נ״ט),מחברי זמננו,רבי חזקיהו יוסף שרייבר,
כלבו ✎,ראשונים,,
כפות תמרים - ראש השנה ✎,אחרונים,,
כפתור ופרח,אחרונים,רבי אשתורי הפרחי,
כריתות - וגשל,"חז""ל",,
שיעורי הגר״י ארנברג - כתובות,מחברי זמננו,רבי יהושע ארנברג,
כתובות - וגשל,"חז""ל",,
שיעורי הגר״י ארנברג - כתובות (מהדורת תשע״א),מחברי זמננו,רבי יהושע ארנברג,
לוית חן,מחברי זמננו,רבי עובדיה יוסף,
שיעורי הגר״י שרייבר - כתובות - מ״מ מי שהיה,מחברי זמננו,רבי חזקיהו יוסף שרייבר,
שיעורי הגר״י שרייבר - בבא קמא - מ״מ מרובה,מחברי זמננו,רבי חזקיהו יוסף שרייבר,
שיעורי הגר״י שרייבר - בבא מציעא - מאי שלת הודאת פיו גדולה מהעדאת עדים,מחברי זמננו,רבי חזקיהו יוסף שרייבר,
מאור ישראל על הש״ס,מחברי זמננו,רבי עובדיה יוסף,
מאמר - לקראת צ.מ.א,מחברי זמננו,,
מאמר חמץ לרשב״ץ ✎,ראשונים,רבי שמעון בן צמח דוראן (הרשב״ץ),
מאמרי המשגיח ✎,אחרונים,,
מגילה - וגשל,"חז""ל",,
מגיני שלמה מסכת ביצה,אחרונים,,
מגיני שלמה מסכת פסחים,אחרונים,,
מגיני שלמה מסכת קידושין,אחרונים,,
מגן אבות למאירי ✎,ראשונים,רבי מנחם המאירי,
מהר״ם אלשקר,ראשונים,רבי משה אלשקר,
מהר״ם פדובה ✎,אחרונים,רבי מאיר קצנלנבוגן,
מהרי בירב,ראשונים,רבי יעקב בירב,
מהרי בן לב,ראשונים,רבי יוסף בן לב,
מהרי וייל,ראשונים,רבי יעקב וייל,
מהרי מברונא,ראשונים,רבי ישראל מברונא,
מהרלב״ח ✎,אחרונים,רבי לוי בן חביב,
מהרם גלאנטי,ראשונים,רבי משה גלאנטי,
מהרם חלאווה,ראשונים,רבי משה חלאווה,
מהרש״ך ✎,אחרונים,רבי שלמה הכהן (מהרש״ך),
מהר״ם בנעט מסכת ברכות,אחרונים,רבי מרדכי בנעט,
מוסר ודעת ✎,אחרונים,רבי דוד פוברסקי,
מועד קטן - וגשל,"חז""ל",,
מור וקציעה,אחרונים,רבי יעקב עמדין,
שיעורי הגר״י שרייבר - כתובות - מי שהיה,מחברי זמננו,רבי חזקיהו יוסף שרייבר,
שיעורי הגר״י שרייבר - כתובות - מי שהיה נשוי,מחברי זמננו,רבי חזקיהו יוסף שרייבר,
שיעורי הגר״י שרייבר - בבא קמא - מיטב,מחברי זמננו,רבי חזקיהו יוסף שרייבר,
מים עמוקים,אחרונים,,
שיעורי הגר״י ארנברג - מכות,מחברי זמננו,רבי יהושע ארנברג,
מכות - וגשל,"חז""ל",,
מנחות - וגשל,"חז""ל",,
מנחת יצחק ✎,מחברי זמננו,רבי יצחק יעקב וייס,
מנחת שי ✎,אחרונים,רבי ידידיה שלמה רפאל נורצי,
מנחת שלמה ✎,מחברי זמננו,רבי שלמה זלמן אוירבך,
מעדני יום טוב על חולין,אחרונים,רבי יום טוב ליפמן הלר,
מעילה - וגשל,"חז""ל",,
מעשה ניסים ✎,אחרונים,,
מפתח ספה״מ להרמבם - לפי פרשיות התורה ✎,ראשונים,,
מראה הפנים מסכת שקלים,אחרונים,רבי משה מרגליות,
מרומי שדה,אחרונים,רבי נפתלי צבי יהודה ברלין,
מרומי שדה מסכת בבא בתרא,אחרונים,רבי נפתלי צבי יהודה ברלין,
מרומי שדה מסכת בבא קמא,אחרונים,רבי נפתלי צבי יהודה ברלין,
מרומי שדה מסכת ביצה,אחרונים,רבי נפתלי צבי יהודה ברלין,
מרומי שדה מסכת בכורות,אחרונים,רבי נפתלי צבי יהודה ברלין,
מרומי שדה מסכת ברכות,אחרונים,רבי נפתלי צבי יהודה ברלין,
מרומי שדה מסכת הוריות,אחרונים,רבי נפתלי צבי יהודה ברלין,
מרומי שדה מסכת זבחים,אחרונים,רבי נפתלי צבי יהודה ברלין,
מרומי שדה מסכת חגיגה,אחרונים,רבי נפתלי צבי יהודה ברלין,
מרומי שדה מסכת יומא,אחרונים,רבי נפתלי צבי יהודה ברלין,
מרומי שדה מסכת כריתות,אחרונים,רבי נפתלי צבי יהודה ברלין,
מרומי שדה מסכת מגילה,אחרונים,רבי נפתלי צבי יהודה ברלין,
מרומי שדה מסכת מכות,אחרונים,רבי נפתלי צבי יהודה ברלין,
מרומי שדה מסכת מנחות,אחרונים,רבי נפתלי צבי יהודה ברלין,
מרומי שדה מסכת מעילה,אחרונים,רבי נפתלי צבי יהודה ברלין,
מרומי שדה מסכת נדה,אחרונים,רבי נפתלי צבי יהודה ברלין,
מרומי שדה מסכת נדרים,אחרונים,רבי נפתלי צבי יהודה ברלין,
מרומי שדה מסכת נזיר,אחרונים,רבי נפתלי צבי יהודה ברלין,
מרומי שדה מסכת סוטה,אחרונים,רבי נפתלי צבי יהודה ברלין,
מרומי שדה מסכת סוכה,אחרונים,רבי נפתלי צבי יהודה ברלין,
מרומי שדה מסכת סנהדרין,אחרונים,רבי נפתלי צבי יהודה ברלין,
מרומי שדה מסכת עבודה זרה,אחרונים,רבי נפתלי צבי יהודה ברלין,
מרומי שדה מסכת עירובין,אחרונים,רבי נפתלי צבי יהודה ברלין,
מרומי שדה מסכת פסחים,אחרונים,רבי נפתלי צבי יהודה ברלין,
מרומי שדה מסכת קידושין,אחרונים,רבי נפתלי צבי יהודה ברלין,
מרומי שדה מסכת ראש השנה,אחרונים,רבי נפתלי צבי יהודה ברלין,
מרומי שדה מסכת תמורה,אחרונים,רבי נפתלי צבי יהודה ברלין,
מרומי שדה מסכת תענית,אחרונים,רבי נפתלי צבי יהודה ברלין,
משכיל לדוד ✎,אחרונים,רבי דוד פוברסקי,
משמרות כהונה מסכת בבא בתרא,אחרונים,רבי אברהם הכהן יצחקי,
משמרות כהונה מסכת בבא קמא,אחרונים,רבי אברהם הכהן יצחקי,
משמרות כהונה מסכת ביצה,אחרונים,רבי אברהם הכהן יצחקי,
משמרות כהונה מסכת בכורות,אחרונים,רבי אברהם הכהן יצחקי,
משמרות כהונה מסכת ברכות,אחרונים,רבי אברהם הכהן יצחקי,
משמרות כהונה מסכת זבחים,אחרונים,רבי אברהם הכהן יצחקי,
משמרות כהונה מסכת חגיגה,אחרונים,רבי אברהם הכהן יצחקי,
משמרות כהונה מסכת יומא,אחרונים,רבי אברהם הכהן יצחקי,
משמרות כהונה מסכת כריתות,אחרונים,רבי אברהם הכהן יצחקי,
משמרות כהונה מסכת מגילה,אחרונים,רבי אברהם הכהן יצחקי,
משמרות כהונה מסכת מועד קטן,אחרונים,רבי אברהם הכהן יצחקי,
משמרות כהונה מסכת מכות,אחרונים,רבי אברהם הכהן יצחקי,
משמרות כהונה מסכת מנחות,אחרונים,רבי אברהם הכהן יצחקי,
משמרות כהונה מסכת מעילה,אחרונים,רבי אברהם הכהן יצחקי,
משמרות כהונה מסכת נדה,אחרונים,רבי אברהם הכהן יצחקי,
משמרות כהונה מסכת נדרים,אחרונים,רבי אברהם הכהן יצחקי,
משמרות כהונה מסכת נזיר,אחרונים,רבי אברהם הכהן יצחקי,
משמרות כהונה מסכת סוטה,אחרונים,רבי אברהם הכהן יצחקי,
משמרות כהונה מסכת סוכה,אחרונים,רבי אברהם הכהן יצחקי,
משמרות כהונה מסכת סנהדרין,אחרונים,רבי אברהם הכהן יצחקי,
משמרות כהונה מסכת עבודה זרה,אחרונים,רבי אברהם הכהן יצחקי,
משמרות כהונה מסכת עירובין,אחרונים,רבי אברהם הכהן יצחקי,
משמרות כהונה מסכת ערכין,אחרונים,רבי אברהם הכהן יצחקי,
משמרות כהונה מסכת פסחים,אחרונים,רבי אברהם הכהן יצחקי,
משמרות כהונה מסכת קידושין,אחרונים,רבי אברהם הכהן יצחקי,
משמרות כהונה מסכת ראש השנה,אחרונים,רבי אברהם הכהן יצחקי,
משמרות כהונה מסכת תמורה,אחרונים,רבי אברהם הכהן יצחקי,
משמרות כהונה מסכת תמיד,אחרונים,רבי אברהם הכהן יצחקי,
משמרות כהונה מסכת תענית,אחרונים,רבי אברהם הכהן יצחקי,
שיעורי הגר״י שרייבר - בבא מציעא - נאמן ע״ע,מחברי זמננו,רבי חזקיהו יוסף שרייבר,
נבחר מכסף,אחרונים,רבי יאשיהו בן יוסף פינטו,
נדה - וגשל,"חז""ל",,
נדרים - וגשל,"חז""ל",,
נזיר - וגשל,"חז""ל",,
נחלת שבעה,אחרונים,רבי שמואל הלוי,
נימוקי יוסף (בשיטת הקדמונים) מסכת עבודה זרה,ראשונים,,
נימוקי יוסף (בשיטת הקדמונים) מסכת קידושין,ראשונים,,
שיעורי הגר״י שרייבר - בבא בתרא - נסכא,מחברי זמננו,רבי חזקיהו יוסף שרייבר,
שיעורי הגר״י שרייבר - כתובות - נספח מי שהיה נשוי,מחברי זמננו,רבי חזקיהו יוסף שרייבר,
שיעורי הגר״י שרייבר - כתובות - נספחי אנוסים,מחברי זמננו,רבי חזקיהו יוסף שרייבר,
שיעורי הגר״י שרייבר - בבא קמא - נספחי גזילה,מחברי זמננו,רבי חזקיהו יוסף שרייבר,
שיעורי הגר״י שרייבר - הלכות מועד - נר חנוכה,מחברי זמננו,רבי חזקיהו יוסף שרייבר,
סדרי טהרה - חידוד הלכות מסכת נדה,אחרונים,רבי אלחנן אשכנזי,
סוטה - וגשל,"חז""ל",,
שיעורי הגר״י ארנברג - סוכה,מחברי זמננו,רבי יהושע ארנברג,
סוכה - וגשל,"חז""ל",,
שיעורי הגר״י שרייבר - בבא מציעא - סי' ו - ברוב ברי ושמא ומיגו בשניהם מוחזקין,מחברי זמננו,רבי חזקיהו יוסף שרייבר,
שיעורי הגר״י שרייבר - בבא מציעא - סי' ט - בענין עד המסייע ובעניני עדות,מחברי זמננו,רבי חזקיהו יוסף שרייבר,
שיעורי הגר״י שרייבר - בבא מציעא - סימן יג - קצת הערות בדף ב,מחברי זמננו,רבי חזקיהו יוסף שרייבר,
שיעורי הגר״י שרייבר - בבא מציעא - סימנים,מחברי זמננו,רבי חזקיהו יוסף שרייבר,
סנהדרין - וגשל,"חז""ל",,
ספר אמונה ובטחון,מחברי זמננו,רבי אברהם ישעיהו קרליץ,
ספר האשכול,ראשונים,רבי אברהם בן יצחק (הראב״ד השני),
ספר הישר לר״ת חידושים ✎,ראשונים,,
ספר הישר לר״ת תשובות,ראשונים,רבי יעקב בן מאיר (ר״ת),
ספר יוסיפון,ראשונים,,
עבודה זרה - וגשל,"חז""ל",,
עוד יוסף חי מסכת בבא בתרא,אחרונים,רבי יוסף חיים מבגדאד,
עוד יוסף חי מסכת בבא קמא,אחרונים,רבי יוסף חיים מבגדאד,
עוד יוסף חי מסכת ביצה,אחרונים,רבי יוסף חיים מבגדאד,
עוד יוסף חי מסכת ברכות,אחרונים,רבי יוסף חיים מבגדאד,
עוד יוסף חי מסכת הוריות,אחרונים,רבי יוסף חיים מבגדאד,
עוד יוסף חי מסכת זבחים,אחרונים,רבי יוסף חיים מבגדאד,
עוד יוסף חי מסכת חגיגה,אחרונים,רבי יוסף חיים מבגדאד,
עוד יוסף חי מסכת יומא,אחרונים,רבי יוסף חיים מבגדאד,
עוד יוסף חי מסכת מגילה,אחרונים,רבי יוסף חיים מבגדאד,
עוד יוסף חי מסכת מועד קטן,אחרונים,רבי יוסף חיים מבגדאד,
עוד יוסף חי מסכת מכות,אחרונים,רבי יוסף חיים מבגדאד,
עוד יוסף חי מסכת מנחות,אחרונים,רבי יוסף חיים מבגדאד,
עוד יוסף חי מסכת נזיר,אחרונים,רבי יוסף חיים מבגדאד,
עוד יוסף חי מסכת סוטה,אחרונים,רבי יוסף חיים מבגדאד,
עוד יוסף חי מסכת סוכה,אחרונים,רבי יוסף חיים מבגדאד,
עוד יוסף חי מסכת סנהדרין,אחרונים,רבי יוסף חיים מבגדאד,
עוד יוסף חי מסכת עבודה זרה,אחרונים,רבי יוסף חיים מבגדאד,
עוד יוסף חי מסכת עירובין,אחרונים,רבי יוסף חיים מבגדאד,
עוד יוסף חי מסכת ערכין,אחרונים,רבי יוסף חיים מבגדאד,
עוד יוסף חי מסכת פסחים,אחרונים,רבי יוסף חיים מבגדאד,
עוד יוסף חי מסכת קידושין,אחרונים,רבי יוסף חיים מבגדאד,
עוד יוסף חי מסכת ראש השנה,אחרונים,רבי יוסף חיים מבגדאד,
עוד יוסף חי מסכת תענית,אחרונים,רבי יוסף חיים מבגדאד,
עירובין - וגשל,"חז""ל",,
עלי תמר שקלים,מחברי זמננו,רבי ישכר תמר,
עליות דרבינו יונה מסכת בבא בתרא,ראשונים,רבי יונה גירונדי,
שיעורי הגר״י שרייבר - ענייני בעלות - עניני בעלות תורת שלו,מחברי זמננו,רבי חזקיהו יוסף שרייבר,
ענף עץ אבות (יוסף),מחברי זמננו,רבי עובדיה יוסף,
עצמות יוסף מסכת בבא מציעא,אחרונים,,
עצמות יוסף מסכת ביצה,אחרונים,,
ערוך לנר מסכת כריתות,אחרונים,רבי יעקב עטלינגר,
ערוך לנר מסכת מכות,אחרונים,רבי יעקב עטלינגר,
ערוך לנר מסכת נדה,אחרונים,רבי יעקב עטלינגר,
ערוך לנר מסכת סוכה,אחרונים,רבי יעקב עטלינגר,
ערכי תנאים ואמוראים ✎,אחרונים,,
ערכין - וגשל,"חז""ל",,
פורת יוסף מסכת בבא בתרא,אחרונים,,
פורת יוסף מסכת פסחים,אחרונים,,
שיעורי הגר״י שרייבר - בבא בתרא - פי שנים,מחברי זמננו,רבי חזקיהו יוסף שרייבר,
שיעורי הגר״י שרייבר - בבא בתרא - פי-שנים,מחברי זמננו,רבי חזקיהו יוסף שרייבר,
פירוש סידור תפילה לרוקח ✎,ראשונים,רבי אלעזר מגרמייזא (הרוקח),
פירוש קדמון מסכת סוכה (מהד' בלוי),ראשונים,,
פירוש רבינו ישמעאל בן חכמון על עירובין,ראשונים,,
פני יהושע מסכת בבא בתרא,אחרונים,רבי יעקב יהושע פלק,
פני משה מסכת שקלים,אחרונים,רבי משה מרגליות,
פני שלמה,אחרונים,רבי שלמה גאנצפריד,
פני שלמה מסכת בבא בתרא,אחרונים,רבי שלמה גאנצפריד,
פני שלמה מסכת בבא קמא,אחרונים,רבי שלמה גאנצפריד,
פני שלמה מסכת ביצה,אחרונים,רבי שלמה גאנצפריד,
פני שלמה מסכת ברכות,אחרונים,רבי שלמה גאנצפריד,
פני שלמה מסכת הוריות,אחרונים,רבי שלמה גאנצפריד,
פני שלמה מסכת חגיגה,אחרונים,רבי שלמה גאנצפריד,
פני שלמה מסכת יומא,אחרונים,רבי שלמה גאנצפריד,
פני שלמה מסכת מגילה,אחרונים,רבי שלמה גאנצפריד,
פני שלמה מסכת מועד קטן,אחרונים,רבי שלמה גאנצפריד,
פני שלמה מסכת מכות,אחרונים,רבי שלמה גאנצפריד,
פני שלמה מסכת נדרים,אחרונים,רבי שלמה גאנצפריד,
פני שלמה מסכת נזיר,אחרונים,רבי שלמה גאנצפריד,
פני שלמה מסכת סוטה,אחרונים,רבי שלמה גאנצפריד,
פני שלמה מסכת סוכה,אחרונים,רבי שלמה גאנצפריד,
פני שלמה מסכת סנהדרין,אחרונים,רבי שלמה גאנצפריד,
פני שלמה מסכת עבודה זרה,אחרונים,רבי שלמה גאנצפריד,
פני שלמה מסכת עירובין,אחרונים,רבי שלמה גאנצפריד,
פני שלמה מסכת פסחים,אחרונים,רבי שלמה גאנצפריד,
פני שלמה מסכת קידושין,אחרונים,רבי שלמה גאנצפריד,
פני שלמה מסכת ראש השנה,אחרונים,רבי שלמה גאנצפריד,
פני שלמה מסכת תענית,אחרונים,רבי שלמה גאנצפריד,
פסחים - וגשל,"חז""ל",,
שיעורי הגר״י שרייבר - הלכות מועד - פסחים פרק ראשון,מחברי זמננו,רבי חזקיהו יוסף שרייבר,
שיעורי הגר״י שרייבר - הלכות מועד - פסחים פרק שלישי,מחברי זמננו,רבי חזקיהו יוסף שרייבר,
שיעורי הגר״י שרייבר - הלכות מועד - פסחים פרק שני,מחברי זמננו,רבי חזקיהו יוסף שרייבר,
פסקי הרי״ד ✎,ראשונים,,
פסקי ר' מנדל קלויזנר (בשיטת הקדמונים) מסכת עבודה זרה,ראשונים,,
פסקי ריא״ז מסכת בבא בתרא,ראשונים,רבי ישעיה בן אליה די טראני (הריא״ז),
פסקי ריא״ז מסכת בבא קמא,ראשונים,רבי ישעיה בן אליה די טראני (הריא״ז),
פסקי ריא״ז מסכת ביצה,ראשונים,רבי ישעיה בן אליה די טראני (הריא״ז),
פסקי ריא״ז מסכת ברכות,ראשונים,רבי ישעיה בן אליה די טראני (הריא״ז),
פסקי ריא״ז מסכת יומא,ראשונים,רבי ישעיה בן אליה די טראני (הריא״ז),
פסקי ריא״ז מסכת מגילה,ראשונים,רבי ישעיה בן אליה די טראני (הריא״ז),
פסקי ריא״ז מסכת מועד קטן,ראשונים,רבי ישעיה בן אליה די טראני (הריא״ז),
פסקי ריא״ז מסכת מכות,ראשונים,רבי ישעיה בן אליה די טראני (הריא״ז),
פסקי ריא״ז מסכת נדה,ראשונים,רבי ישעיה בן אליה די טראני (הריא״ז),
פסקי ריא״ז מסכת נדרים,ראשונים,רבי ישעיה בן אליה די טראני (הריא״ז),
פסקי ריא״ז מסכת סוטה,ראשונים,רבי ישעיה בן אליה די טראני (הריא״ז),
פסקי ריא״ז מסכת סוכה,ראשונים,רבי ישעיה בן אליה די טראני (הריא״ז),
פסקי ריא״ז מסכת סנהדרין,ראשונים,רבי ישעיה בן אליה די טראני (הריא״ז),
פסקי ריא״ז מסכת עבודה זרה,ראשונים,רבי ישעיה בן אליה די טראני (הריא״ז),
פסקי ריא״ז מסכת עירובין,ראשונים,רבי ישעיה בן אליה די טראני (הריא״ז),
פסקי ריא״ז מסכת פסחים,ראשונים,רבי ישעיה בן אליה די טראני (הריא״ז),
פסקי ריא״ז מסכת קידושין,ראשונים,רבי ישעיה בן אליה די טראני (הריא״ז),
פסקי ריא״ז מסכת ראש השנה,ראשונים,רבי ישעיה בן אליה די טראני (הריא״ז),
פסקי ריא״ז מסכת תענית,ראשונים,רבי ישעיה בן אליה די טראני (הריא״ז),
פסקי רי״ד מסכת בבא קמא,ראשונים,רבי ישעיה די טראני (הרי״ד),
פסקי רי״ד מסכת ביצה,ראשונים,רבי ישעיה די טראני (הרי״ד),
פסקי רי״ד מסכת בכורות,ראשונים,רבי ישעיה די טראני (הרי״ד),
פסקי רי״ד מסכת ברכות,ראשונים,רבי ישעיה די טראני (הרי״ד),
פסקי רי״ד מסכת הוריות,ראשונים,רבי ישעיה די טראני (הרי״ד),
פסקי רי״ד מסכת זבחים,ראשונים,רבי ישעיה די טראני (הרי״ד),
פסקי רי״ד מסכת חגיגה,ראשונים,רבי ישעיה די טראני (הרי״ד),
פסקי רי״ד מסכת יומא,ראשונים,רבי ישעיה די טראני (הרי״ד),
פסקי רי״ד מסכת מגילה,ראשונים,רבי ישעיה די טראני (הרי״ד),
פסקי רי״ד מסכת מועד קטן,ראשונים,רבי ישעיה די טראני (הרי״ד),
פסקי רי״ד מסכת מכות,ראשונים,רבי ישעיה די טראני (הרי״ד),
פסקי רי״ד מסכת מנחות,ראשונים,רבי ישעיה די טראני (הרי״ד),
פסקי רי״ד מסכת נדה,ראשונים,רבי ישעיה די טראני (הרי״ד),
פסקי רי״ד מסכת נדרים,ראשונים,רבי ישעיה די טראני (הרי״ד),
פסקי רי״ד מסכת סוכה,ראשונים,רבי ישעיה די טראני (הרי״ד),
פסקי רי״ד מסכת סנהדרין,ראשונים,רבי ישעיה די טראני (הרי״ד),
פסקי רי״ד מסכת עבודה זרה,ראשונים,רבי ישעיה די טראני (הרי״ד),
פסקי רי״ד מסכת עירובין,ראשונים,רבי ישעיה די טראני (הרי״ד),
פסקי רי״ד מסכת פסחים,ראשונים,רבי ישעיה די טראני (הרי״ד),
פסקי רי״ד מסכת קידושין,ראשונים,רבי ישעיה די טראני (הרי״ד),
פסקי רי״ד מסכת ראש השנה,ראשונים,רבי ישעיה די טראני (הרי״ד),
פסקי רי״ד מסכת תענית,ראשונים,רבי ישעיה די טראני (הרי״ד),
פרח שושן,אחרונים,רבי ישועה שבאבו,
פרחי כהונה מסכת בבא בתרא,אחרונים,,
פרחי כהונה מסכת בבא קמא,אחרונים,,
פרחי כהונה מסכת ביצה,אחרונים,,
פרחי כהונה מסכת בכורות,אחרונים,,
פרחי כהונה מסכת ברכות,אחרונים,,
פרחי כהונה מסכת הוריות,אחרונים,,
פרחי כהונה מסכת זבחים,אחרונים,,
פרחי כהונה מסכת חגיגה,אחרונים,,
פרחי כהונה מסכת יומא,אחרונים,,
פרחי כהונה מסכת כריתות,אחרונים,,
פרחי כהונה מסכת מגילה,אחרונים,,
פרחי כהונה מסכת מכות,אחרונים,,
פרחי כהונה מסכת מנחות,אחרונים,,
פרחי כהונה מסכת מעילה,אחרונים,,
פרחי כהונה מסכת נדה,אחרונים,,
פרחי כהונה מסכת סוטה,אחרונים,,
פרחי כהונה מסכת סוכה,אחרונים,,
פרחי כהונה מסכת סנהדרין,אחרונים,,
פרחי כהונה מסכת עבודה זרה,אחרונים,,
פרחי כהונה מסכת עירובין,אחרונים,,
פרחי כהונה מסכת ערכין,אחרונים,,
פרחי כהונה מסכת פסחים,אחרונים,,
פרחי כהונה מסכת קידושין,אחרונים,,
פרחי כהונה מסכת ראש השנה,אחרונים,,
פרחי כהונה מסכת תמורה,אחרונים,,
פרחי כהונה מסכת תמיד,אחרונים,,
פרחי כהונה מסכת תענית,אחרונים,,
פרי חדש או״ח,אחרונים,רבי חזקיה די סילוה,
פרק שביעי - אלו מנחות נקמצות,מחברי זמננו,,
פרק שמיני - התודה היתה באה,מחברי זמננו,,
פרק תשיעי - כל קרבנות הצבור,מחברי זמננו,,
צידה לדרך,ראשונים,רבי מנחם בן זרח,
צל״ח מסכת בבא בתרא,אחרונים,רבי יחזקאל לנדא,
צל״ח מסכת בבא קמא,אחרונים,רבי יחזקאל לנדא,
צל״ח מסכת ביצה,אחרונים,רבי יחזקאל לנדא,
צל״ח מסכת הוריות,אחרונים,רבי יחזקאל לנדא,
צל״ח מסכת זבחים,אחרונים,רבי יחזקאל לנדא,
צל״ח מסכת חגיגה,אחרונים,רבי יחזקאל לנדא,
צל״ח מסכת יומא,אחרונים,רבי יחזקאל לנדא,
צל״ח מסכת מגילה,אחרונים,רבי יחזקאל לנדא,
צל״ח מסכת מועד קטן,אחרונים,רבי יחזקאל לנדא,
צל״ח מסכת מכות,אחרונים,רבי יחזקאל לנדא,
צל״ח מסכת מנחות,אחרונים,רבי יחזקאל לנדא,
צל״ח מסכת נדה,אחרונים,רבי יחזקאל לנדא,
צל״ח מסכת נדרים,אחרונים,רבי יחזקאל לנדא,
צל״ח מסכת סוכה,אחרונים,רבי יחזקאל לנדא,
צל״ח מסכת סנהדרין,אחרונים,רבי יחזקאל לנדא,
צל״ח מסכת עבודה זרה,אחרונים,רבי יחזקאל לנדא,
צל״ח מסכת עירובין,אחרונים,רבי יחזקאל לנדא,
צל״ח מסכת פסחים,אחרונים,רבי יחזקאל לנדא,
צל״ח מסכת קידושין,אחרונים,רבי יחזקאל לנדא,
צל״ח מסכת ראש השנה,אחרונים,רבי יחזקאל לנדא,
צל״ח מסכת תענית,אחרונים,רבי יחזקאל לנדא,
צרור הכסף ✎,ראשונים,,
קובץ אגרות  א,מחברי זמננו,,
קובץ אגרות א - מותאם לאוצריא,מחברי זמננו,רבי אברהם ישעיהו קרליץ,
קובץ אגרות ב,מחברי זמננו,רבי אברהם ישעיהו קרליץ,
קובץ אגרות ג,מחברי זמננו,רבי אברהם ישעיהו קרליץ,
קובץ בבא בתרא בבא קמא,ראשונים,,
קובץ ברכות עירובין,ראשונים,,
קובץ מגילה סוטה בכורות תענית,ראשונים,,
קובץ מוק כריתות חגיגה תמורה מעילה ערכין הוריות תמיד,ראשונים,,
קובץ מנחות נזיר ראש השנה מכות,ראשונים,,
קובץ מנחות נזיר ראש השנה מכות מגילה סוטה בכורות תענית,ראשונים,,
קובץ מסכת כתובות,ראשונים,,
קובץ מסכת מגילה,ראשונים,,
קובץ מסכת מנחות ועוד,ראשונים,,
קובץ מפרשים בבא בתרא,ראשונים,,
קובץ מפרשים בבא בתרא (2),ראשונים,,
קובץ מפרשים בבא מציעא,ראשונים,,
קובץ מפרשים בבא קמא,ראשונים,,
קובץ מפרשים ביצה,ראשונים,,
קובץ מפרשים גיטין,ראשונים,,
קובץ מפרשים חולין,ראשונים,,
קובץ מפרשים יבמות,ראשונים,,
קובץ מפרשים כתובות,ראשונים,,
קובץ מפרשים לפי הדף ביצה,ראשונים,,
קובץ מפרשים מסכת בבא מציעא,ראשונים,,
קובץ מפרשים שבת,ראשונים,,
קובץ נדרים,ראשונים,,
קובץ נדרים סוכה עבודה זרה,ראשונים,,
קובץ קידושין,ראשונים,,
קובץ קידושין פסחים סנהדרין,ראשונים,,
קובץ קידושין פסחים סנהדרין ברכות עירובין,ראשונים,,
קובץ שבועות יומא נדה זבחים,ראשונים,,
קובץ שיטות קמאי על בבא בתרא,ראשונים,,
קובץ שיטות קמאי על בבא מציעא,ראשונים,,
קובץ שיטות קמאי על בבא קמא,ראשונים,,
קובץ שיטות קמאי על ביצה,ראשונים,,
קובץ שיטות קמאי על בכורות,ראשונים,,
קובץ שיטות קמאי על ברכות,ראשונים,,
קובץ שיטות קמאי על גיטין,ראשונים,,
קובץ שיטות קמאי על הוריות,ראשונים,,
קובץ שיטות קמאי על חגיגה,ראשונים,,
קובץ שיטות קמאי על חולין,ראשונים,,
קובץ שיטות קמאי על יבמות,ראשונים,,
קובץ שיטות קמאי על יומא,ראשונים,,
קובץ שיטות קמאי על כריתות,ראשונים,,
קובץ שיטות קמאי על כתובות,ראשונים,,
קובץ שיטות קמאי על מגילה,ראשונים,,
קובץ שיטות קמאי על מדות,ראשונים,,
קובץ שיטות קמאי על מועד קטן,ראשונים,,
קובץ שיטות קמאי על מכות,ראשונים,,
קובץ שיטות קמאי על מעילה,ראשונים,,
קובץ שיטות קמאי על נדה,ראשונים,,
קובץ שיטות קמאי על נדרים,ראשונים,,
קובץ שיטות קמאי על נזיר,ראשונים,,
קובץ שיטות קמאי על סוטה,ראשונים,,
קובץ שיטות קמאי על סוכה,ראשונים,,
קובץ שיטות קמאי על סנהדרין,ראשונים,,
קובץ שיטות קמאי על עבודה זרה,ראשונים,,
קובץ שיטות קמאי על עירובין,ראשונים,,
קובץ שיטות קמאי על ערכין,ראשונים,,
קובץ שיטות קמאי על פסחים,ראשונים,,
קובץ שיטות קמאי על קידושין,ראשונים,,
קובץ שיטות קמאי על קנים,ראשונים,,
קובץ שיטות קמאי על ראש השנה,ראשונים,,
קובץ שיטות קמאי על שבועות,ראשונים,,
קובץ שיטות קמאי על שבת,ראשונים,,
קובץ שיטות קמאי על תמורה,ראשונים,,
קובץ שיטות קמאי על תמיד,ראשונים,,
קובץ שיטות קמאי על תענית,ראשונים,,
קובץ שקלים,ראשונים,,
קונטרס הראיות לריאז מסכת בבא מציעא,ראשונים,רבי ישעיה בן אליה די טראני (הריא״ז),
קונטרס הראיות לריאז מסכת מכות,ראשונים,רבי ישעיה בן אליה די טראני (הריא״ז),
קונטרס הראיות לריאז מסכת סנהדרין,ראשונים,רבי ישעיה בן אליה די טראני (הריא״ז),
קונטרס הראיות לריאז מסכת שבועות,ראשונים,רבי ישעיה בן אליה די טראני (הריא״ז),
קונטרס הראיות לריא״ז,ראשונים,רבי ישעיה בן אליה די טראני (הריא״ז),
שיעורי הגר״י ארנברג - קידושין,מחברי זמננו,רבי יהושע ארנברג,
קידושין - וגשל,"חז""ל",,
קרבן העדה מסכת שקלים,אחרונים,רבי דוד פרענקל,
קרית מלך ✎,אחרונים,,
ר' אברהם אב״ד (בשיטת הקדמונים) מסכת בבא בתרא,ראשונים,רבי אברהם בן יצחק מנרבונה,
ר' אברהם בן הרמב״ם ✎,ראשונים,רבי אברהם בן משה בן מימון,
ר' אשר מלוניל (בשיטת הקדמונים) מסכת בבא בתרא,ראשונים,,
ר' ברוך הספרדי (בשיטת הקדמונים) מסכת בבא בתרא,ראשונים,רבי ברוך בן שמואל הספרדי,
ר' ברוך הספרדי (בשיטת הקדמונים) מסכת בבא מציעא,ראשונים,רבי ברוך בן שמואל הספרדי,
ר' ברוך הספרדי (בשיטת הקדמונים) מסכת בבא קמא,ראשונים,רבי ברוך בן שמואל הספרדי,
ר' חננאל בן שמואל (בשיטת הקדמונים) מסכת קידושין,ראשונים,רבי חננאל בן שמואל,
ר' יצחק אבן גיאת,ראשונים,רבי יצחק בן יהודה אבן גיאת,
ר' יצחק קרקושא (בשיטת הקדמונים) מסכת בבא בתרא,ראשונים,,
ר״ן בבא בתרא ✎,ראשונים,רבי ניסים גירונדי (הר״ן),
ראב״ן ✎,ראשונים,רבי אליעזר בן נתן (הראב״ן),
ראבי״ה ✎,ראשונים,רבי אליעזר בן יואל הלוי (הראבי״ה),
ראש השנה - וגשל,"חז""ל",,
ראש יוסף מסכת מגילה,אחרונים,רבי יוסף תאומים,
ראשון לציון מסכת מגילה,אחרונים,רבי חיים בן עטר,
רב ניסים גאון מסכת ברכות,ראשונים,רבי ניסים גאון,
רב ניסים גאון מסכת עירובין,ראשונים,רבי ניסים גאון,
רבי אברהם מן ההר (מהד' בלוי) מסכת חגיגה,ראשונים,רבי אברהם מן ההר,
רבי אברהם מן ההר (מהד' בלוי) מסכת יומא,ראשונים,רבי אברהם מן ההר,
רבי אברהם מן ההר (מהד' בלוי) מסכת מגילה,ראשונים,רבי אברהם מן ההר,
רבי אברהם מן ההר (מהד' בלוי) מסכת נדרים,ראשונים,רבי אברהם מן ההר,
רבי אברהם מן ההר (מהד' בלוי) מסכת נזיר,ראשונים,רבי אברהם מן ההר,
רבי אברהם מן ההר (מהד' בלוי) מסכת סוכה,ראשונים,רבי אברהם מן ההר,
רבי אברהם מן ההר (מהד' בלוי) מסכת ראש השנה,ראשונים,רבי אברהם מן ההר,
רבי עקיבא איגר מסכת בבא מציעא,אחרונים,רבי עקיבא איגר,
רבי עקיבא איגר מסכת בכורות,אחרונים,רבי עקיבא איגר,
רבי עקיבא איגר מסכת הוריות,אחרונים,רבי עקיבא איגר,
רבי עקיבא איגר מסכת כריתות,אחרונים,רבי עקיבא איגר,
רבי עקיבא איגר מסכת מנחות,אחרונים,רבי עקיבא איגר,
רבי עקיבא איגר מסכת מעילה,אחרונים,רבי עקיבא איגר,
רבי עקיבא איגר מסכת נדה,אחרונים,רבי עקיבא איגר,
רבי עקיבא איגר מסכת נזיר,אחרונים,רבי עקיבא איגר,
רבי עקיבא איגר מסכת סוטה,אחרונים,רבי עקיבא איגר,
רבי עקיבא איגר מסכת סנהדרין,אחרונים,רבי עקיבא איגר,
רבי עקיבא איגר מסכת ערכין,אחרונים,רבי עקיבא איגר,
רבינו חננאל בן שמואל על עירובין - פי' על הריף,ראשונים,,
רבינו יהונתן מלוניל על הרי״ף מסכת הוריות,ראשונים,רבי יהונתן הכהן מלוניל,
רבינו יהונתן מלוניל על הרי״ף מסכת חגיגה,ראשונים,רבי יהונתן הכהן מלוניל,
רבינו יהונתן מלוניל על הרי״ף מסכת יומא,ראשונים,רבי יהונתן הכהן מלוניל,
רבינו יהונתן מלוניל על הרי״ף מסכת סנהדרין,ראשונים,רבי יהונתן הכהן מלוניל,
רבינו יהונתן מלוניל על הרי״ף מסכת פסחים,ראשונים,רבי יהונתן הכהן מלוניל,
רבינו ירוחם ✎,ראשונים,רבי ירוחם בן משולם,
רבנו יוסף מסלוצק מסכת בבא מציעא,אחרונים,רבי יוסף מסלוצק,
רבנו יוסף מסלוצק מסכת בבא קמא,אחרונים,רבי יוסף מסלוצק,
רבנו יוסף מסלוצק מסכת ביצה,אחרונים,רבי יוסף מסלוצק,
רבנו יוסף מסלוצק מסכת ברכות,אחרונים,רבי יוסף מסלוצק,
רבנו יוסף מסלוצק מסכת חגיגה,אחרונים,רבי יוסף מסלוצק,
רבנו יוסף מסלוצק מסכת יומא,אחרונים,רבי יוסף מסלוצק,
רבנו יוסף מסלוצק מסכת סוכה,אחרונים,רבי יוסף מסלוצק,
רבנו יוסף מסלוצק מסכת עבודה זרה,אחרונים,רבי יוסף מסלוצק,
רבנו יוסף מסלוצק מסכת עירובין,אחרונים,רבי יוסף מסלוצק,
רבנו יוסף מסלוצק מסכת פסחים,אחרונים,רבי יוסף מסלוצק,
רבנו יוסף מסלוצק מסכת קידושין,אחרונים,רבי יוסף מסלוצק,
רבנו יוסף מסלוצק מסכת ראש השנה,אחרונים,רבי יוסף מסלוצק,
רבנו יוסף מסלוצק מסכת תענית,אחרונים,רבי יוסף מסלוצק,
רדך,אחרונים,רבי דוד הכהן (הרד״ך),
ריבב״ן מסכת מגילה,ראשונים,רבי יהודה בן בנימין ענו (הריבב״ן),
רידב״ז מסכת שקלים,אחרונים,רבי יעקב דוד וילובסקי (הרידב״ז),
רמ״ה ב״ב ✎,ראשונים,רבי מאיר הלוי אבולעפיה (הרמ״ה),
רמב״ם ✎,ראשונים,רבי משה בן מימון (הרמב״ם),
רמב״ן בכורות,ראשונים,רבי משה בן נחמן (הרמב״ן),
רמב״ן חלה,ראשונים,רבי משה בן נחמן (הרמב״ן),
רשב״ש ✎,ראשונים,רבי שלמה בן שמעון דוראן (הרשב״ש),
ר״י קורקוס שבת,אחרונים,רבי יוסף קורקוס,
שארית יוסף,אחרונים,רבי יוסף כץ,
שבועות - וגשל,"חז""ל",,
שבט הלוי חלק א,מחברי זמננו,רבי שמואל הלוי ואזנר,
שבט הלוי חלק ב,מחברי זמננו,רבי שמואל הלוי ואזנר,
שבט הלוי חלק ג,מחברי זמננו,רבי שמואל הלוי ואזנר,
שבט הלוי חלק ד,מחברי זמננו,רבי שמואל הלוי ואזנר,
שבט הלוי חלק ח,מחברי זמננו,רבי שמואל הלוי ואזנר,
שבט הלוי חלק ט,מחברי זמננו,רבי שמואל הלוי ואזנר,
שבט הלוי חלק י,מחברי זמננו,רבי שמואל הלוי ואזנר,
שבת - וגשל,"חז""ל",,
שו״ת הרמב״ן ✎,ראשונים,,
שו״ת מהר״ם לובלין ✎,אחרונים,רבי מאיר מלובלין (המהר״ם),
שו״ת רגמ״ה ✎,ראשונים,,
שו״ת רדב״ז ללשונות הרמב״ם ✎,אחרונים,,
שונה הלכות - הלכות חנוכה,מחברי זמננו,,
שונה הלכות - הלכות פסח,מחברי זמננו,,
שונה הלכות - הלכות ראש חודש,מחברי זמננו,,
שונה הלכות - הלכות שבת,מחברי זמננו,,
שונה הלכות - הלכות תפילה,מחברי זמננו,,
שונה הלכות - הלכות תשעה באב,מחברי זמננו,,
שות הרשבא חלק א,ראשונים,רבי שלמה בן אדרת (הרשב״א),
שות הרשבא חלק ב,ראשונים,רבי שלמה בן אדרת (הרשב״א),
שות הרשבא חלק ג,ראשונים,רבי שלמה בן אדרת (הרשב״א),
שות הרשבא חלק ד,ראשונים,רבי שלמה בן אדרת (הרשב״א),
שות הרשבא חלק ה,ראשונים,רבי שלמה בן אדרת (הרשב״א),
שות הרשבא חלק ו,ראשונים,רבי שלמה בן אדרת (הרשב״א),
שות הרשבא חלק ז,ראשונים,רבי שלמה בן אדרת (הרשב״א),
שות יחווה דעת - חלק א,מחברי זמננו,רבי עובדיה יוסף,
שות יחווה דעת - חלק ב,מחברי זמננו,רבי עובדיה יוסף,
שות יחווה דעת - חלק ג,מחברי זמננו,רבי עובדיה יוסף,
שות יחווה דעת - חלק ד,מחברי זמננו,רבי עובדיה יוסף,
שות יחווה דעת - חלק ה,מחברי זמננו,רבי עובדיה יוסף,
שות יחווה דעת - חלק ו,מחברי זמננו,רבי עובדיה יוסף,
שות יכין ובועז,אחרונים,רבי צמח דוראן ורבי שמעון דוראן,
שות מהריטץ,אחרונים,רבי יום טוב צהלון,
שות מהרשם חלק א,אחרונים,רבי שלום מרדכי שוורדרון,
שות מהרשם חלק ב,אחרונים,רבי שלום מרדכי שוורדרון,
שות מהרשם חלק ג,אחרונים,רבי שלום מרדכי שוורדרון,
שות מהרשם חלק ד,אחרונים,רבי שלום מרדכי שוורדרון,
שות מהרשם חלק ה,אחרונים,רבי שלום מרדכי שוורדרון,
שות מהרשם חלק ו,אחרונים,רבי שלום מרדכי שוורדרון,
שות מהרשם חלק ז,אחרונים,רבי שלום מרדכי שוורדרון,
שות רמע מפאנו,אחרונים,רבי מנחם עזריה מפאנו,
שו״ת במראה הבזק,מחברי זמננו,,
שיטה לחכמי איוורא (בשיטת הקדמונים) מסכת נזיר,ראשונים,,
שיירי קרבן,אחרונים,רבי דוד פרענקל,
שיירי קרבן מסכת שקלים,אחרונים,רבי דוד פרענקל,
שיעורי ר' דוד מסכת בבא קמא,מחברי זמננו,,
שיעורי ר' דוד מסכת מכות,מחברי זמננו,,
שיעורי ר' דוד מסכת נדרים,מחברי זמננו,,
שיעורי ר' דוד מסכת סנהדרין,מחברי זמננו,,
שיעורי ר' דוד מסכת סנהדרין  ,מחברי זמננו,,
שיעורי ר' דוד מסכת פסחים,מחברי זמננו,,
שיעורי ר' דוד מסכת פסחים  ,מחברי זמננו,,
שיעורי ר' דוד מסכת קידושין,מחברי זמננו,,
שיעורי ר' שמואל מסכת בבא בתרא,מחברי זמננו,,
שיעורי ר' שמואל מסכת מכות,מחברי זמננו,,
שיעורי ר' שמואל מסכת נדרים,מחברי זמננו,,
שיעורי ר' שמואל מסכת סנהדרין 1,מחברי זמננו,,
שיעורי ר' שמואל מסכת סנהדרין 2,מחברי זמננו,,
שיעורי ר' שמואל מסכת פסחים,מחברי זמננו,,
שיעורי ר' שמואל מסכת קידושין,מחברי זמננו,,
שירת בני מערבא,ראשונים,יוסף יהלום ומיכאל סוקולוף,
שלמי נדרים מסכת נדרים,אחרונים,רבי אלכסנדר סנדר הכהן קפלן,
שלמי תודה,אחרונים,,
שלמי תודה מסכת בבא בתרא,אחרונים,,
שלמי תודה מסכת בבא קמא,אחרונים,,
שלמי תודה מסכת ביצה,אחרונים,,
שלמי תודה מסכת ברכות,אחרונים,,
שלמי תודה מסכת זבחים,אחרונים,,
שלמי תודה מסכת חגיגה,אחרונים,,
שלמי תודה מסכת כריתות,אחרונים,,
שלמי תודה מסכת מגילה,אחרונים,,
שלמי תודה מסכת מועד קטן,אחרונים,,
שלמי תודה מסכת מכות,אחרונים,,
שלמי תודה מסכת מנחות,אחרונים,,
שלמי תודה מסכת נדה,אחרונים,,
שלמי תודה מסכת נדרים,אחרונים,,
שלמי תודה מסכת סוטה,אחרונים,,
שלמי תודה מסכת סוכה,אחרונים,,
שלמי תודה מסכת סנהדרין,אחרונים,,
שלמי תודה מסכת עבודה זרה,אחרונים,,
שלמי תודה מסכת עירובין,אחרונים,,
שלמי תודה מסכת ערכין,אחרונים,,
שלמי תודה מסכת פסחים,אחרונים,,
שלמי תודה מסכת קידושין,אחרונים,,
שלמי תודה מסכת ראש השנה,אחרונים,,
שלמי תודה מסכת תענית,אחרונים,,
שיעורי הגר״י שרייבר - בבא מציעא - שנים אוחזין 1,מחברי זמננו,רבי חזקיהו יוסף שרייבר,
שיעורי הגר״י שרייבר - בבא מציעא - שנים אוחזין 2,מחברי זמננו,רבי חזקיהו יוסף שרייבר,
שיעורי הגר״י שרייבר - בבא מציעא - שע״ק,מחברי זמננו,רבי חזקיהו יוסף שרייבר,
שער דעה - הלכות ריבית,מחברי זמננו,רבי ישראל איסר איסרלין,
שיעורי הגר״י שרייבר - יבמות - שער יבמות,מחברי זמננו,רבי חזקיהו יוסף שרייבר,
שיעורי הגר״י שרייבר - כתובות - שער כתובות,מחברי זמננו,רבי חזקיהו יוסף שרייבר,
שיעורי הגר״י שרייבר - בבא קמא - שער מיטב,מחברי זמננו,רבי חזקיהו יוסף שרייבר,
שפת אמת מסכת ביצה,אחרונים,רבי יהודה אריה לייב אלתר,
שפת אמת מסכת חגיגה,אחרונים,רבי יהודה אריה לייב אלתר,
שפת אמת מסכת יומא,אחרונים,רבי יהודה אריה לייב אלתר,
שפת אמת מסכת מגילה,אחרונים,רבי יהודה אריה לייב אלתר,
שפת אמת מסכת מועד קטן,אחרונים,רבי יהודה אריה לייב אלתר,
שפת אמת מסכת מכות,אחרונים,רבי יהודה אריה לייב אלתר,
שפת אמת מסכת נזיר,אחרונים,רבי יהודה אריה לייב אלתר,
שפת אמת מסכת סוטה,אחרונים,רבי יהודה אריה לייב אלתר,
שפת אמת מסכת סוכה,אחרונים,רבי יהודה אריה לייב אלתר,
שפת אמת מסכת ראש השנה,אחרונים,רבי יהודה אריה לייב אלתר,
שפת אמת מסכת תענית,אחרונים,רבי יהודה אריה לייב אלתר,
שקלים - וגשל,"חז""ל",,
תוס' רא״ש ✎,ראשונים,רבי אשר בן יחיאל (הרא״ש),
תוספות הרא״ש מסכת בבא מציעא,ראשונים,רבי אשר בן יחיאל (הרא״ש),
תוספות הרא״ש מסכת יומא,ראשונים,רבי אשר בן יחיאל (הרא״ש),
תוספות הרא״ש מסכת מגילה,ראשונים,רבי אשר בן יחיאל (הרא״ש),
תוספות הרא״ש מסכת מועד קטן,ראשונים,רבי אשר בן יחיאל (הרא״ש),
תוספות הרא״ש מסכת סוטה,ראשונים,רבי אשר בן יחיאל (הרא״ש),
תוספות הרא״ש מסכת סוכה,ראשונים,רבי אשר בן יחיאל (הרא״ש),
תוספות הרא״ש מסכת סנהדרין,ראשונים,רבי אשר בן יחיאל (הרא״ש),
תוספות הרא״ש מסכת עבודה זרה,ראשונים,רבי אשר בן יחיאל (הרא״ש),
תוספות הרא״ש מסכת עירובין,ראשונים,רבי אשר בן יחיאל (הרא״ש),
תוספות הרא״ש מסכת ראש השנה,ראשונים,רבי אשר בן יחיאל (הרא״ש),
תוספות הרא״ש מסכת תענית,ראשונים,רבי אשר בן יחיאל (הרא״ש),
תוספות הרי״ד (על הירושלמי) מסכת שקלים,ראשונים,רבי ישעיה די טראני (הרי״ד),
תוספות הר״ש (בשיטת הקדמונים) מסכת עבודה זרה,ראשונים,,
תוספות ר' אליעזר מטוך,ראשונים,רבי אליעזר מטוך,
תוספות ר' יהודה מבירינא (בשיטת הקדמונים) מסכת עבודה זרה,ראשונים,,
תוספות ר' יהודה מפאריש (בשיטת הקדמונים) מסכת עבודה זרה,ראשונים,רבי יהודה בן יצחק שירליאון,
תוספות רבינו שמואל (בשיטת הקדמונים) מסכת קידושין,ראשונים,,
תוספות רי״ד מסכת מגילה,ראשונים,רבי ישעיה די טראני (הרי״ד),
תוספות רי״ד מסכת עבודה זרה,ראשונים,רבי ישעיה די טראני (הרי״ד),
תוספות רי״ד מסכת עירובין,ראשונים,רבי ישעיה די טראני (הרי״ד),
תוספות שאנץ על פסחים,ראשונים,,
תוצאות חיים,אחרונים,,
תורת אמת,אחרונים,רבי אהרן ששון,
תורת חיים ✎,אחרונים,רבי חיים שבתי,
תורת משה,אחרונים,רבי משה חיים שבתי,
תלמיד הרמב״ן (מהד' בלוי) מסכת סוכה,ראשונים,,
תלמיד הרשב״א,ראשונים,,
תלמידי רבנו יונה על עבודה זרה,ראשונים,,
תמורה - וגשל,"חז""ל",,
תנאים ואמוראים-ביוגרפיות,אחרונים,,
תענית - וגשל,"חז""ל",,
תרגום איכה (כתאב אלתאג'),"חז""ל",,
תרגום אסתר (כתאב אלתאג'),"חז""ל",,
תרגום על שיר השירים (כתאב אלתאג'),"חז""ל",,
תרגום קהלת (כתאב אלתאג'),"חז""ל",,
תרגום רות (כתאב אלתאג'),"חז""ל",,
תרגום שני על אסתר (כתאב אלתאג'),"חז""ל",,
תרגום תהלים (כתאב אלתאג'),"חז""ל",,
תשובות בעל הכנסת הגדולה,ראשונים,רבי חיים בנבנישתי,
תשובות הגאונים שערי צדק ג-ד ✎,ראשונים,,
תשובות הרדבז חלק א,ראשונים,רבי דוד בן שלמה אבן זמרא (הרדב״ז),
תשובות הרדבז חלק ב,ראשונים,רבי דוד בן שלמה אבן זמרא (הרדב״ז),
תשובות הרדבז חלק ג,ראשונים,רבי דוד בן שלמה אבן זמרא (הרדב״ז),
תשובות הרדבז חלק ד,ראשונים,רבי דוד בן שלמה אבן זמרא (הרדב״ז),
תשובות הרדבז חלק ה,ראשונים,רבי דוד בן שלמה אבן זמרא (הרדב״ז),
תשובות הרדבז חלק ו,ראשונים,רבי דוד בן שלמה אבן זמרא (הרדב״ז),
תשובות הרדבז חלק ז,ראשונים,רבי דוד בן שלמה אבן זמרא (הרדב״ז),
תשובות הרי״ד,ראשונים,רבי ישעיה די טראני (הרי״ד),
תשובות הריטב״א,ראשונים,רבי יום טוב אשבילי (הריטב״א),
תשובות הרמב״ן,ראשונים,רבי משה בן נחמן (הרמב״ן),
תשובות הרשבא מיוחס להרמבן,ראשונים,רבי שלמה בן אדרת (הרשב״א),
תשובות חכמי פרובנציה,ראשונים,,
תשובות מיימוניות קדושה,ראשונים,,
תשובות ראבן,ראשונים,,
תשובות רב נטרונאי גאון (ברודי) ✎,ראשונים,רבי נטרונאי בר הילאי,
תשובות רבינו גרשום,ראשונים,רבי גרשום בן יהודה,
תשובות רשי,ראשונים,רבי שלמה יצחקי (רש״י),
שיעורי הגר״י שרייבר - בבא קמא - תשלומי זממה,מחברי זמננו,רבי חזקיהו יוסף שרייבר,
ידיד נפש שקלים,מחברי זמננו,,
ביאורים לספר אוצרות חיים,אחרונים,רבי משה חיים לוצאטו,
ברכת שמואל על בבא מציעא,מחברי זמננו,רבי ברוך בער ליבוביץ,
דעת תבונות,אחרונים,רבי משה חיים לוצאטו,
דרך ה׳,אחרונים,רבי משה חיים לוצאטו,
דרך חכמה,אחרונים,רבי משה חיים לוצאטו,
דרך עץ חיים,אחרונים,רבי משה חיים לוצאטו,
חנוכת הארון,אחרונים,רבי משה חיים לוצאטו,
יוסיפון ג-ז נוסח אחר,ראשונים,,
יוסיפון סיום - נוסח אחר,ראשונים,,
כללות שרשי החכמה,אחרונים,רבי משה חיים לוצאטו,
כללי מאמר החכמה,אחרונים,רבי משה חיים לוצאטו,
כללי ספר מלחמות משה,אחרונים,רבי משה חיים לוצאטו,
כללי ספר קנאת ה׳ צבאות,אחרונים,רבי משה חיים לוצאטו,
כללי פתחי חכמה ודעת,אחרונים,רבי משה חיים לוצאטו,
כ״ד קשוטי כלה,אחרונים,רבי משה חיים לוצאטו,
לך אלי תקותי,אחרונים,רבי משה חיים לוצאטו,
מאמר הגאולה,אחרונים,רבי משה חיים לוצאטו,
מאמר החכמה,אחרונים,רבי משה חיים לוצאטו,
מאמר העיקרים,אחרונים,רבי משה חיים לוצאטו,
מאמר הקיווי,אחרונים,רבי משה חיים לוצאטו,
מאמר הרעותין,אחרונים,רבי משה חיים לוצאטו,
מאמר ויהי מקץ,אחרונים,רבי משה חיים לוצאטו,
מאמר על ההגדות,אחרונים,רבי משה חיים לוצאטו,
מאמר ריש משפטים,אחרונים,רבי משה חיים לוצאטו,
מסילת ישרים,אחרונים,רבי משה חיים לוצאטו,
מסילת ישרים מהדורה קמא,אחרונים,רבי משה חיים לוצאטו,
משכני עליון,אחרונים,רבי משה חיים לוצאטו,
סוד היחוד,אחרונים,רבי משה חיים לוצאטו,
סוד המרכבה,אחרונים,רבי משה חיים לוצאטו,
סעודת טוב בשבט,אחרונים,רבי משה חיים לוצאטו,
עשרה אורות,אחרונים,רבי משה חיים לוצאטו,
פירוש מאמר ארימת ידי בצלותין,אחרונים,רבי משה חיים לוצאטו,
פירוש משנה ראשונה לספר יצירה,אחרונים,רבי משה חיים לוצאטו,
פנות המרכבה,אחרונים,רבי משה חיים לוצאטו,
פסוקי הקיווי,אחרונים,רבי משה חיים לוצאטו,
קורות חיים רמח״ל,אחרונים,,
קל״ח פתחי חכמה,אחרונים,רבי משה חיים לוצאטו,
קנאת ה׳ צבאות,אחרונים,רבי משה חיים לוצאטו,
שו״ת הרמב״ם ובנו על סדר הרמבם,ראשונים,,
תיקוני זוהר תניינא,אחרונים,רבי משה חיים לוצאטו,
תפילה לרופא,אחרונים,רבי משה חיים לוצאטו,
תפילת הדרך,אחרונים,רבי משה חיים לוצאטו,
תפלות לפנות המרכבה,אחרונים,רבי משה חיים לוצאטו,
תקט״ו תפילות,אחרונים,רבי משה חיים לוצאטו,
תקנות הישיבה של הרמח״ל,אחרונים,רבי משה חיים לוצאטו,
ר״ן מו״ק - נוסח לא מותאם ✎,ראשונים,רבי ניסים גירונדי (הר״ן),
תשובות הרשב״א החדשות מכ״י,ראשונים,רבי שלמה בן אדרת (הרשב״א),
שיעורי הגר״י ארנברג - בבא קמא,"חז""ל",רבי יהושע ארנברג,
שיעורי הגר״י ארנברג - נדרים,"חז""ל",רבי יהושע ארנברג,
שיעורי הגר״י ארנברג - פסחים,"חז""ל",רבי יהושע ארנברג,
שיעורי הגר״י שרייבר - בבא בתרא - בכח השותפין לאסור זע״ז,מחברי זמננו,רבי חזקיהו יוסף שרייבר,
שיעורי הגר״י שרייבר - בבא בתרא - השותפין - בפלוגתת הרמב״ן והר״ן,מחברי זמננו,רבי חזקיהו יוסף שרייבר,
שיעורי הגר״י שרייבר - בבא קמא,"חז""ל",רבי חזקיהו יוסף שרייבר,
שיעורי הגר״י שרייבר - הלכות מועד - פסחים,"חז""ל",רבי חזקיהו יוסף שרייבר,
שיעורי הגר״י שרייבר - נדרים,"חז""ל",רבי חזקיהו יוסף שרייבר,
ר״ן מו״ק,ראשונים,רבי ניסים גירונדי (הר״ן),
איוב (כתאב אלתאג'),תורה שבכתב,,
איכה (כתאב אלתאג'),תורה שבכתב,,
אסתר (כתאב אלתאג'),תורה שבכתב,,
דברי הימים א (כתאב אלתאג'),תורה שבכתב,,
דברי הימים ב (כתאב אלתאג'),תורה שבכתב,,
דניאל (כתאב אלתאג'),תורה שבכתב,,
משלי (כתאב אלתאג'),תורה שבכתב,,
נחמיה (כתאב אלתאג'),תורה שבכתב,,
עזרא (כתאב אלתאג'),תורה שבכתב,,
קהלת (כתאב אלתאג'),תורה שבכתב,,
רות (כתאב אלתאג'),תורה שבכתב,,
שיר השירים (כתאב אלתאג'),תורה שבכתב,,
תהלים (כתאב אלתאג'),תורה שבכתב,,
מסורה גדולה על איוב,"חז""ל",,
מסורה גדולה על איכה,"חז""ל",,
מסורה גדולה על אסתר,"חז""ל",,
מסורה גדולה על במדבר,"חז""ל",,
מסורה גדולה על בראשית,"חז""ל",,
מסורה גדולה על דברי הימים א,"חז""ל",,
מסורה גדולה על דברי הימים ב,"חז""ל",,
מסורה גדולה על דברים,"חז""ל",,
מסורה גדולה על דניאל,"חז""ל",,
מסורה גדולה על הושע,"חז""ל",,
מסורה גדולה על ויקרא,"חז""ל",,
מסורה גדולה על זכריה,"חז""ל",,
מסורה גדולה על חבקוק,"חז""ל",,
מסורה גדולה על חגי,"חז""ל",,
מסורה גדולה על יהושע,"חז""ל",,
מסורה גדולה על יואל,"חז""ל",,
מסורה גדולה על יונה,"חז""ל",,
מסורה גדולה על יחזקאל,"חז""ל",,
מסורה גדולה על ירמיהו,"חז""ל",,
מסורה גדולה על ישעיהו,"חז""ל",,
מסורה גדולה על מיכה,"חז""ל",,
מסורה גדולה על מלאכי,"חז""ל",,
מסורה גדולה על מלכים א,"חז""ל",,
מסורה גדולה על מלכים ב,"חז""ל",,
מסורה גדולה על משלי,"חז""ל",,
מסורה גדולה על נחום,"חז""ל",,
מסורה גדולה על נחמיה,"חז""ל",,
מסורה גדולה על עובדיה,"חז""ל",,
מסורה גדולה על עזרא,"חז""ל",,
מסורה גדולה על עמוס,"חז""ל",,
מסורה גדולה על צפניה,"חז""ל",,
מסורה גדולה על קהלת,"חז""ל",,
מסורה גדולה על רות,"חז""ל",,
מסורה גדולה על שופטים,"חז""ל",,
מסורה גדולה על שיר השירים,"חז""ל",,
מסורה גדולה על שמואל א,"חז""ל",,
מסורה גדולה על שמואל ב,"חז""ל",,
מסורה גדולה על שמות,"חז""ל",,
מסורה גדולה על תהלים,"חז""ל",,
מסורה קטנה על איוב,"חז""ל",,
מסורה קטנה על איכה,"חז""ל",,
מסורה קטנה על אסתר,"חז""ל",,
מסורה קטנה על במדבר,"חז""ל",,
מסורה קטנה על בראשית,"חז""ל",,
מסורה קטנה על דברי הימים א,"חז""ל",,
מסורה קטנה על דברי הימים ב,"חז""ל",,
מסורה קטנה על דברים,"חז""ל",,
מסורה קטנה על דניאל,"חז""ל",,
מסורה קטנה על הושע,"חז""ל",,
מסורה קטנה על ויקרא,"חז""ל",,
מסורה קטנה על זכריה,"חז""ל",,
מסורה קטנה על חבקוק,"חז""ל",,
מסורה קטנה על חגי,"חז""ל",,
מסורה קטנה על יהושע,"חז""ל",,
מסורה קטנה על יואל,"חז""ל",,
מסורה קטנה על יונה,"חז""ל",,
מסורה קטנה על יחזקאל,"חז""ל",,
מסורה קטנה על ירמיהו,"חז""ל",,
מסורה קטנה על ישעיהו,"חז""ל",,
מסורה קטנה על מיכה,"חז""ל",,
מסורה קטנה על מלאכי,"חז""ל",,
מסורה קטנה על מלכים א,"חז""ל",,
מסורה קטנה על מלכים ב,"חז""ל",,
מסורה קטנה על משלי,"חז""ל",,
מסורה קטנה על נחום,"חז""ל",,
מסורה קטנה על נחמיה,"חז""ל",,
מסורה קטנה על עובדיה,"חז""ל",,
מסורה קטנה על עזרא,"חז""ל",,
מסורה קטנה על עמוס,"חז""ל",,
מסורה קטנה על צפניה,"חז""ל",,
מסורה קטנה על קהלת,"חז""ל",,
מסורה קטנה על רות,"חז""ל",,
מסורה קטנה על שופטים,"חז""ל",,
מסורה קטנה על שיר השירים,"חז""ל",,
מסורה קטנה על שמואל א,"חז""ל",,
מסורה קטנה על שמואל ב,"חז""ל",,
מסורה קטנה על שמות,"חז""ל",,
מסורה קטנה על תהלים,"חז""ל",,
עין המסורה על איוב,"חז""ל",,
עין המסורה על איכה,"חז""ל",,
עין המסורה על אסתר,"חז""ל",,
עין המסורה על במדבר,"חז""ל",,
עין המסורה על בראשית,"חז""ל",,
עין המסורה על דברי הימים א,"חז""ל",,
עין המסורה על דברי הימים ב,"חז""ל",,
עין המסורה על דברים,"חז""ל",,
עין המסורה על דניאל,"חז""ל",,
עין המסורה על הושע,"חז""ל",,
עין המסורה על ויקרא,"חז""ל",,
עין המסורה על זכריה,"חז""ל",,
עין המסורה על חבקוק,"חז""ל",,
עין המסורה על חגי,"חז""ל",,
עין המסורה על יהושע,"חז""ל",,
עין המסורה על יואל,"חז""ל",,
עין המסורה על יונה,"חז""ל",,
עין המסורה על יחזקאל,"חז""ל",,
עין המסורה על ירמיהו,"חז""ל",,
עין המסורה על ישעיהו,"חז""ל",,
עין המסורה על מיכה,"חז""ל",,
עין המסורה על מלאכי,"חז""ל",,
עין המסורה על מלכים א,"חז""ל",,
עין המסורה על מלכים ב,"חז""ל",,
עין המסורה על משלי,"חז""ל",,
עין המסורה על נחום,"חז""ל",,
עין המסורה על נחמיה,"חז""ל",,
עין המסורה על עובדיה,"חז""ל",,
עין המסורה על עזרא,"חז""ל",,
עין המסורה על עמוס,"חז""ל",,
עין המסורה על צפניה,"חז""ל",,
עין המסורה על קהלת,"חז""ל",,
עין המסורה על רות,"חז""ל",,
עין המסורה על שופטים,"חז""ל",,
עין המסורה על שיר השירים,"חז""ל",,
עין המסורה על שמואל א,"חז""ל",,
עין המסורה על שמואל ב,"חז""ל",,
עין המסורה על שמות,"חז""ל",,
עין המסורה על תהלים,"חז""ל",,
הושע (כתאב אלתאג'),תורה שבכתב,,
זכריה (כתאב אלתאג'),תורה שבכתב,,
חבקוק (כתאב אלתאג'),תורה שבכתב,,
חגי (כתאב אלתאג'),תורה שבכתב,,
יהושע (כתאב אלתאג'),תורה שבכתב,,
יואל (כתאב אלתאג'),תורה שבכתב,,
יונה (כתאב אלתאג'),תורה שבכתב,,
יחזקאל (כתאב אלתאג'),תורה שבכתב,,
ירמיהו (כתאב אלתאג'),תורה שבכתב,,
ישעיהו (כתאב אלתאג'),תורה שבכתב,,
מיכה (כתאב אלתאג'),תורה שבכתב,,
מלאכי (כתאב אלתאג'),תורה שבכתב,,
מלכים א (כתאב אלתאג'),תורה שבכתב,,
מלכים ב (כתאב אלתאג'),תורה שבכתב,,
נחום (כתאב אלתאג'),תורה שבכתב,,
עובדיה (כתאב אלתאג'),תורה שבכתב,,
עמוס (כתאב אלתאג'),תורה שבכתב,,
צפניה (כתאב אלתאג'),תורה שבכתב,,
שופטים (כתאב אלתאג'),תורה שבכתב,,
שמואל א (כתאב אלתאג'),תורה שבכתב,,
שמואל ב (כתאב אלתאג'),תורה שבכתב,,
מיוחס לרש״י דברי הימים על דברי הימים א,ראשונים,,
מיוחס לרש״י דברי הימים על דברי הימים ב,ראשונים,,
מיוחס לרש״י נחמיה על נחמיה,ראשונים,,
מיוחס לרש״י עזרא על עזרא,ראשונים,,
פרשן צרפתי עלום שם על אסתר,ראשונים,,
ראב״ע על איוב,ראשונים,,
ראב״ע על במדבר,ראשונים,,
ראב״ע על דברים,ראשונים,,
ראב״ע על הושע,ראשונים,,
ראב״ע על ויקרא,ראשונים,,
ראב״ע על זכריה,ראשונים,,
ראב״ע על חבקוק,ראשונים,,
ראב״ע על חגי,ראשונים,,
ראב״ע על יואל,ראשונים,,
ראב״ע על יונה,ראשונים,,
ראב״ע על ישעיהו,ראשונים,,
ראב״ע על מיכה,ראשונים,,
ראב״ע על מלאכי,ראשונים,,
ראב״ע על נחום,ראשונים,,
ראב״ע על עובדיה,ראשונים,,
ראב״ע על עמוס,ראשונים,,
ראב״ע על צפניה,ראשונים,,
ראב״ע על קהלת,ראשונים,,
ראב״ע על רות,ראשונים,,
ראב״ע איכה דקדוק המלים על איכה,ראשונים,,
ראב״ע איכה הפירוש על איכה,ראשונים,,
ראב״ע אסתר פירוש א על אסתר,ראשונים,,
ראב״ע אסתר פירוש ב על אסתר,ראשונים,,
ראב״ע דניאל פירוש א על דניאל,ראשונים,,
ראב״ע דניאל פירוש ב על דניאל,ראשונים,,
ראב״ע פירוש א - הקצר על בראשית,ראשונים,,
ראב״ע פירוש א - הקצר על שמות,ראשונים,,
ראב״ע פירוש א הפעם הראשונה - דקדוק על שיר השירים,ראשונים,,
ראב״ע פירוש א הפעם השלישית - דרש על שיר השירים,ראשונים,,
ראב״ע פירוש א הפעם השניה - פשט על שיר השירים,ראשונים,,
ראב״ע פירוש ב - הארוך על שמות,ראשונים,,
ראב״ע פירוש ב - הארוך - דקדוק המלים על בראשית,ראשונים,,
ראב״ע פירוש ב - הארוך - הפירוש על בראשית,ראשונים,,
ראב״ע פירוש ב הפעם הראשונה - דקדוק על שיר השירים,ראשונים,,
ראב״ע פירוש ב הפעם השלישית - דרש על שיר השירים,ראשונים,,
ראב״ע פירוש ב הפעם השניה - פשט על שיר השירים,ראשונים,,
ראב״ע פירוש בעל פה שנמסר לתלמיד על בראשית,ראשונים,,
ראב״ע פירוש בעל פה שנמסר לתלמיד על הושע,ראשונים,,
ראב״ע פירוש בעל פה שנמסר לתלמיד על זכריה,ראשונים,,
ראב״ע פירוש בעל פה שנמסר לתלמיד על חבקוק,ראשונים,,
ראב״ע פירוש בעל פה שנמסר לתלמיד על חגי,ראשונים,,
ראב״ע פירוש בעל פה שנמסר לתלמיד על יואל,ראשונים,,
ראב״ע פירוש בעל פה שנמסר לתלמיד על יונה,ראשונים,,
ראב״ע פירוש בעל פה שנמסר לתלמיד על מיכה,ראשונים,,
ראב״ע פירוש בעל פה שנמסר לתלמיד על מלאכי,ראשונים,,
ראב״ע פירוש בעל פה שנמסר לתלמיד על נחום,ראשונים,,
ראב״ע פירוש בעל פה שנמסר לתלמיד על עובדיה,ראשונים,,
ראב״ע פירוש בעל פה שנמסר לתלמיד על עמוס,ראשונים,,
ראב״ע פירוש בעל פה שנמסר לתלמיד על צפניה,ראשונים,,
ראב״ע תהלים פירוש א על תהלים,ראשונים,,
ראב״ע תהלים פירוש ב על תהלים,ראשונים,,
רבי אליעזר מבלגנצי על הושע,ראשונים,,
רבי אליעזר מבלגנצי על זכריה,ראשונים,,
רבי אליעזר מבלגנצי על חבקוק,ראשונים,,
רבי אליעזר מבלגנצי על חגי,ראשונים,,
רבי אליעזר מבלגנצי על יואל,ראשונים,,
רבי אליעזר מבלגנצי על יונה,ראשונים,,
רבי אליעזר מבלגנצי על יחזקאל,ראשונים,,
רבי אליעזר מבלגנצי על ישעיהו,ראשונים,,
רבי אליעזר מבלגנצי על מיכה,ראשונים,,
רבי אליעזר מבלגנצי על מלאכי,ראשונים,,
רבי אליעזר מבלגנצי על נחום,ראשונים,,
רבי אליעזר מבלגנצי על עובדיה,ראשונים,,
רבי אליעזר מבלגנצי על עמוס,ראשונים,,
רבי אליעזר מבלגנצי על צפניה,ראשונים,,
רבי יוסף בכור שור על במדבר,ראשונים,,
רבי יוסף בכור שור על בראשית,ראשונים,,
רבי יוסף בכור שור על דברים,ראשונים,,
רבי יוסף בכור שור על ויקרא,ראשונים,,
רבי יוסף בכור שור על שמות,ראשונים,,
ר' יוסף כספי על איוב,ראשונים,,
ר' יוסף כספי על איכה,ראשונים,,
ר' יוסף כספי על אסתר,ראשונים,,
ר' יוסף כספי על דברי הימים א,ראשונים,,
ר' יוסף כספי על דברי הימים ב,ראשונים,,
ר' יוסף כספי על הושע,ראשונים,,
ר' יוסף כספי על זכריה,ראשונים,,
ר' יוסף כספי על חבקוק,ראשונים,,
ר' יוסף כספי על חגי,ראשונים,,
ר' יוסף כספי על יהושע,ראשונים,,
ר' יוסף כספי על יואל,ראשונים,,
ר' יוסף כספי על יונה,ראשונים,,
ר' יוסף כספי על יחזקאל,ראשונים,,
ר' יוסף כספי על ירמיהו,ראשונים,,
ר' יוסף כספי על ישעיהו,ראשונים,,
ר' יוסף כספי על מיכה,ראשונים,,
ר' יוסף כספי על מלאכי,ראשונים,,
ר' יוסף כספי על מלכים א,ראשונים,,
ר' יוסף כספי על מלכים ב,ראשונים,,
ר' יוסף כספי על משלי,ראשונים,,
ר' יוסף כספי על נחום,ראשונים,,
ר' יוסף כספי על נחמיה,ראשונים,,
ר' יוסף כספי על עובדיה,ראשונים,,
ר' יוסף כספי על עזרא,ראשונים,,
ר' יוסף כספי על עמוס,ראשונים,,
ר' יוסף כספי על צפניה,ראשונים,,
ר' יוסף כספי על קהלת,ראשונים,,
ר' יוסף כספי על רות,ראשונים,,
ר' יוסף כספי על שופטים,ראשונים,,
ר' יוסף כספי על שמואל א,ראשונים,,
ר' יוסף כספי על שמואל ב,ראשונים,,
ר' יוסף כספי - מעשה המרכבה על יחזקאל,ראשונים,,
ר' יוסף כספי - פירוש נוסף על משלי,ראשונים,,
רבי יוסף קמחי על משלי,ראשונים,,
רבי יוסף קמחי על שיר השירים,ראשונים,,
ר' יוסף קרא על איוב,ראשונים,,
ר' יוסף קרא על הושע,ראשונים,,
ר' יוסף קרא על זכריה,ראשונים,,
ר' יוסף קרא על חבקוק,ראשונים,,
ר' יוסף קרא על חגי,ראשונים,,
ר' יוסף קרא על יהושע,ראשונים,,
ר' יוסף קרא על יואל,ראשונים,,
ר' יוסף קרא על יונה,ראשונים,,
ר' יוסף קרא על יחזקאל,ראשונים,,
ר' יוסף קרא על ירמיהו,ראשונים,,
ר' יוסף קרא על ישעיהו,ראשונים,,
ר' יוסף קרא על מיכה,ראשונים,,
ר' יוסף קרא על מלאכי,ראשונים,,
ר' יוסף קרא על מלכים א,ראשונים,,
ר' יוסף קרא על מלכים ב,ראשונים,,
ר' יוסף קרא על נחום,ראשונים,,
ר' יוסף קרא על עובדיה,ראשונים,,
ר' יוסף קרא על עמוס,ראשונים,,
ר' יוסף קרא על צפניה,ראשונים,,
ר' יוסף קרא על קהלת,ראשונים,,
ר' יוסף קרא על שופטים,ראשונים,,
ר' יוסף קרא על שיר השירים,ראשונים,,
ר' יוסף קרא על שמואל א,ראשונים,,
ר' יוסף קרא על שמואל ב,ראשונים,,
ר' יוסף קרא - נוסח ראשון על איכה,ראשונים,,
ר' יוסף קרא - נוסח ראשון על אסתר,ראשונים,,
ר' יוסף קרא - נוסח ראשון על רות,ראשונים,,
ר' יוסף קרא - נוסח שני על איכה,ראשונים,,
ר' יוסף קרא - נוסח שני על אסתר,ראשונים,,
ר' יוסף קרא - נוסח שני על רות,ראשונים,,
רבי ישעיה מטראני על איוב,ראשונים,,
רבי ישעיה מטראני על איכה,ראשונים,,
רבי ישעיה מטראני על אסתר,ראשונים,,
רבי ישעיה מטראני על דניאל,ראשונים,,
רבי ישעיה מטראני על הושע,ראשונים,,
רבי ישעיה מטראני על יהושע,ראשונים,,
רבי ישעיה מטראני על יואל,ראשונים,,
רבי ישעיה מטראני על יונה,ראשונים,,
רבי ישעיה מטראני על יחזקאל,ראשונים,,
רבי ישעיה מטראני על ירמיהו,ראשונים,,
רבי ישעיה מטראני על ישעיהו,ראשונים,,
רבי ישעיה מטראני על מיכה,ראשונים,,
רבי ישעיה מטראני על מלכים א,ראשונים,,
רבי ישעיה מטראני על משלי,ראשונים,,
רבי ישעיה מטראני על נחום,ראשונים,,
רבי ישעיה מטראני על נחמיה,ראשונים,,
רבי ישעיה מטראני על עובדיה,ראשונים,,
רבי ישעיה מטראני על עזרא,ראשונים,,
רבי ישעיה מטראני על עמוס,ראשונים,,
רבי ישעיה מטראני על קהלת,ראשונים,,
רבי ישעיה מטראני על רות,ראשונים,,
רבי ישעיה מטראני על שופטים,ראשונים,,
רבי ישעיה מטראני על שיר השירים,ראשונים,,
רבי ישעיה מטראני על שמואל א,ראשונים,,
רבי ישעיה מטראני על שמואל ב,ראשונים,,
רבי ישעיה מטראני על תהלים,ראשונים,,
רלב״ג על אסתר,ראשונים,,
רלב״ג על במדבר,ראשונים,,
רלב״ג על דברי הימים א,ראשונים,,
רלב״ג על דברי הימים ב,ראשונים,,
רלב״ג על דברים,ראשונים,,
רלב״ג על דניאל,ראשונים,,
רלב״ג על ויקרא,ראשונים,,
רלב״ג על יהושע,ראשונים,,
רלב״ג על מלכים א,ראשונים,,
רלב״ג על מלכים ב,ראשונים,,
רלב״ג על משלי,ראשונים,,
רלב״ג על נחמיה,ראשונים,,
רלב״ג על עזרא,ראשונים,,
רלב״ג על קהלת,ראשונים,,
רלב״ג על רות,ראשונים,,
רלב״ג על שופטים,ראשונים,,
רלב״ג על שיר השירים,ראשונים,,
רלב״ג על שמואל א,ראשונים,,
רלב״ג על שמואל ב,ראשונים,,
רלב״ג - ביאור המילות על איוב,ראשונים,,
רלב״ג - ביאור המילות על במדבר,ראשונים,,
רלב״ג - ביאור המילות על בראשית,ראשונים,,
רלב״ג - ביאור המילות על דברים,ראשונים,,
רלב״ג - ביאור המילות על דניאל,ראשונים,,
רלב״ג - ביאור המילות על משלי,ראשונים,,
רלב״ג - ביאור המילות על קהלת,ראשונים,,
רלב״ג - ביאור המילות על שמואל ב,ראשונים,,
רלב״ג - ביאור המילות על שמות,ראשונים,,
רלב״ג - ביאור הפרשה על איוב,ראשונים,,
רלב״ג - ביאור הפרשה על בראשית,ראשונים,,
רלב״ג - ביאור הפרשה על שמות,ראשונים,,
תועלות לרלב״ג על אסתר,ראשונים,,
תועלות לרלב״ג על בראשית,ראשונים,,
תועלות לרלב״ג על דברי הימים א,ראשונים,,
תועלות לרלב״ג על דברי הימים ב,ראשונים,,
תועלות לרלב״ג על דניאל,ראשונים,,
תועלות לרלב״ג על ויקרא,ראשונים,,
תועלות לרלב״ג על יהושע,ראשונים,,
תועלות לרלב״ג על מלכים א,ראשונים,,
תועלות לרלב״ג על מלכים ב,ראשונים,,
תועלות לרלב״ג על משלי,ראשונים,,
תועלות לרלב״ג על נחמיה,ראשונים,,
תועלות לרלב״ג על עזרא,ראשונים,,
תועלות לרלב״ג על קהלת,ראשונים,,
תועלות לרלב״ג על רות,ראשונים,,
תועלות לרלב״ג על שופטים,ראשונים,,
תועלות לרלב״ג על שמואל א,ראשונים,,
תועלות לרלב״ג על שמואל ב,ראשונים,,
תועלות לרלב״ג על שמות,ראשונים,,
רבי מנחם בן שמעון על יחזקאל,ראשונים,,
רבי מנחם בן שמעון על ירמיהו,ראשונים,,
רבי מנחם המאירי על משלי,ראשונים,,
רבי מנחם המאירי על תהלים,ראשונים,,
רמב״ן על איוב,ראשונים,,
רמב״ן על במדבר,ראשונים,,
רמב״ן על בראשית,ראשונים,,
רמב״ן על דברים,ראשונים,,
רמב״ן על ויקרא,ראשונים,,
רמב״ן על שמות,ראשונים,,
רמב״ן איוב פירוש המילות על איוב,ראשונים,,
ר' משה קמחי על משלי,ראשונים,,
ר' משה קמחי על נחמיה,ראשונים,,
ר' משה קמחי על עזרא,ראשונים,,
ר' משה קמחי - דקדוק המענה על איוב,ראשונים,,
ר' משה קמחי - פירוש המענה על איוב,ראשונים,,
רבי סעדיה גאון על דניאל,ראשונים,,
רבנו תם על איוב,ראשונים,,
רד״ק על בראשית,ראשונים,,
רד״ק על דברי הימים א,ראשונים,,
רד״ק על דברי הימים ב,ראשונים,,
רד״ק על הושע,ראשונים,,
רד״ק על זכריה,ראשונים,,
רד״ק על חבקוק,ראשונים,,
רד״ק על חגי,ראשונים,,
רד״ק על יהושע,ראשונים,,
רד״ק על יואל,ראשונים,,
רד״ק על יונה,ראשונים,,
רד״ק על יחזקאל,ראשונים,,
רד״ק על ירמיהו,ראשונים,,
רד״ק על ישעיהו,ראשונים,,
רד״ק על מיכה,ראשונים,,
רד״ק על מלאכי,ראשונים,,
רד״ק על מלכים א,ראשונים,,
רד״ק על מלכים ב,ראשונים,,
רד״ק על משלי,ראשונים,,
רד״ק על נחום,ראשונים,,
רד״ק על עובדיה,ראשונים,,
רד״ק על עמוס,ראשונים,,
רד״ק על צפניה,ראשונים,,
רד״ק על שופטים,ראשונים,,
רד״ק על שמואל א,ראשונים,,
רד״ק על שמואל ב,ראשונים,,
רד״ק על תהלים,ראשונים,,
רשב״ם על איוב,ראשונים,,
רשב״ם על איכה,ראשונים,,
רשב״ם על אסתר,ראשונים,,
רשב״ם על במדבר,ראשונים,,
רשב״ם על בראשית,ראשונים,,
רשב״ם על דברים,ראשונים,,
רשב״ם על ויקרא,ראשונים,,
רשב״ם על קהלת,ראשונים,,
רשב״ם על רות,ראשונים,,
רשב״ם על שיר השירים,ראשונים,,
רשב״ם על שמות,ראשונים,,
רש״י על איוב,ראשונים,,
רש״י על איכה,ראשונים,,
רש״י על אסתר,ראשונים,,
רש״י על במדבר,ראשונים,,
רש״י על בראשית,ראשונים,,
רש״י על דברים,ראשונים,,
רש״י על דניאל,ראשונים,,
רש״י על הושע,ראשונים,,
רש״י על ויקרא,ראשונים,,
רש״י על זכריה,ראשונים,,
רש״י על חבקוק,ראשונים,,
רש״י על חגי,ראשונים,,
רש״י על יהושע,ראשונים,,
רש״י על יואל,ראשונים,,
רש״י על יונה,ראשונים,,
רש״י על יחזקאל,ראשונים,,
רש״י על ירמיהו,ראשונים,,
רש״י על ישעיהו,ראשונים,,
רש״י על מיכה,ראשונים,,
רש״י על מלאכי,ראשונים,,
רש״י על מלכים א,ראשונים,,
רש״י על מלכים ב,ראשונים,,
רש״י על משלי,ראשונים,,
רש״י על נחום,ראשונים,,
רש״י על עובדיה,ראשונים,,
רש״י על עמוס,ראשונים,,
רש״י על צפניה,ראשונים,,
רש״י על קהלת,ראשונים,,
רש״י על רות,ראשונים,,
רש״י על שופטים,ראשונים,,
רש״י על שיר השירים,ראשונים,,
רש״י על שמואל א,ראשונים,,
רש״י על שמואל ב,ראשונים,,
רש״י על שמות,ראשונים,,
רש״י על תהלים,ראשונים,,
תלמיד של רבי ישעיה מטראני על זכריה,ראשונים,,
תלמיד של רבי ישעיה מטראני על חבקוק,ראשונים,,
תלמיד של רבי ישעיה מטראני על חגי,ראשונים,,
תלמיד של רבי ישעיה מטראני על מלאכי,ראשונים,,
תלמיד של רבי ישעיה מטראני על צפניה,ראשונים,,
במדבר (כתאב אלתאג'),תורה שבכתב,,
בראשית (כתאב אלתאג'),תורה שבכתב,,
דברים (כתאב אלתאג'),תורה שבכתב,,
ויקרא (כתאב אלתאג'),תורה שבכתב,,
שמות (כתאב אלתאג'),תורה שבכתב,,
תרגום אונקלוס - כתאב אלתאג' על במדבר,"חז""ל",,
תרגום אונקלוס - כתאב אלתאג' על בראשית,"חז""ל",,
גידולי תרומה,אחרונים,,
תרגום אונקלוס - כתאב אלתאג' על דברים,"חז""ל",,
תרגום אונקלוס - כתאב אלתאג' על ויקרא,"חז""ל",,
תרגום אונקלוס - כתאב אלתאג' על שמות,"חז""ל",,
תרגום יונתן - כתאב אלתאג' על הושע,"חז""ל",,
הליכות עולם - כללי הגמרא,ראשונים,רבי ישועה הלוי בן יוסף,
תרגום יונתן - כתאב אלתאג' על זכריה,"חז""ל",,
תרגום יונתן - כתאב אלתאג' על חבקוק,"חז""ל",,
תרגום יונתן - כתאב אלתאג' על חגי,"חז""ל",,
חידושי רבי שמעון - גדרי קנין כסף,אחרונים,רבי שמעון יהודה הכהן שקאפ,
חידושי רבי שמעון - ליקוטים,אחרונים,רבי שמעון יהודה הכהן שקאפ,
חידושי רבי שמעון - מערכת הקנינים,אחרונים,רבי שמעון יהודה הכהן שקאפ,
חידושי רבי שמעון - קונטרס בענייני קנס,אחרונים,רבי שמעון יהודה הכהן שקאפ,
חידושי רבי שמעון - קונטרס בענייני שמירה ושומרים,אחרונים,רבי שמעון יהודה הכהן שקאפ,
חידושי רבי שמעון - קונטרס השליחות,אחרונים,רבי שמעון יהודה הכהן שקאפ,
חידושי רבי שמעון - קונטרס השעבוד,אחרונים,רבי שמעון יהודה הכהן שקאפ,
חידושי רבי שמעון על יבמות,אחרונים,רבי שמעון יהודה הכהן שקאפ,
חידושי רבי שמעון על כתובות,אחרונים,רבי שמעון יהודה הכהן שקאפ,
יביע אומר - מפתחות חלקים ז-י,מחברי זמננו,רבי עובדיה יוסף,
תרגום יונתן - כתאב אלתאג' על יהושע,"חז""ל",,
תרגום יונתן - כתאב אלתאג' על יואל,"חז""ל",,
תרגום יונתן - כתאב אלתאג' על יונה,"חז""ל",,
תרגום יונתן - כתאב אלתאג' על יחזקאל,"חז""ל",,
תרגום יונתן - כתאב אלתאג' על ירמיהו,"חז""ל",,
תרגום יונתן - כתאב אלתאג' על ישעיהו,"חז""ל",,
מאור ישראל - דרושים,מחברי זמננו,רבי עובדיה יוסף,
מאור ישראל - טבעת המלך על הרמב״ם,מחברי זמננו,רבי עובדיה יוסף,
מגילת תענית - מהדורת ליכטנשטיין,"חז""ל",,
תרגום יונתן - כתאב אלתאג' על מיכה,"חז""ל",,
מכתבי הרב עובדיה יוסף,מחברי זמננו,רבי עובדיה יוסף,
תרגום יונתן - כתאב אלתאג' על מלאכי,"חז""ל",,
תרגום יונתן - כתאב אלתאג' על מלכים א,"חז""ל",,
תרגום יונתן - כתאב אלתאג' על מלכים ב,"חז""ל",,
תרגום יונתן - כתאב אלתאג' על נחום,"חז""ל",,
ספר התרומות,ראשונים,רבי שמואל בר יצחק הסרדי,
תרגום יונתן - כתאב אלתאג' על עובדיה,"חז""ל",,
תרגום יונתן - כתאב אלתאג' על עמוס,"חז""ל",,
תרגום יונתן - כתאב אלתאג' על צפניה,"חז""ל",,
קול ברמה - חלק ב - הספדים,מחברי זמננו,רבי עובדיה יוסף,
קטעי מדרשים מן הגניזה - מאן,"חז""ל",רבי יעקב מאן,
תרגום יונתן - כתאב אלתאג' על שופטים,"חז""ל",,
תרגום יונתן - כתאב אלתאג' על שמואל א,"חז""ל",,
תרגום יונתן - כתאב אלתאג' על שמואל ב,"חז""ל",,
