מקור,ספר_מקור,מקור_אישי,ספר_יעד,מיקום_יעד,סוג,יעד_אישי,קטגוריית_מקור
9,ברכת שמואל על בבא מציעא,כן,בבא מציעא,ב.,פירוש,לא,
11,ברכת שמואל על בבא מציעא,כן,בבא מציעא,ב.,פירוש,לא,
12,ברכת שמואל על בבא מציעא,כן,בבא מציעא,ב.,פירוש,לא,
13,ברכת שמואל על בבא מציעא,כן,בבא מציעא,ב.,פירוש,לא,
15,ברכת שמואל על בבא מציעא,כן,בבא מציעא,ב.,פירוש,לא,
16,ברכת שמואל על בבא מציעא,כן,בבא מציעא,ב.,פירוש,לא,
18,ברכת שמואל על בבא מציעא,כן,בבא מציעא,ב.,פירוש,לא,
19,ברכת שמואל על בבא מציעא,כן,בבא מציעא,ב.,פירוש,לא,
21,ברכת שמואל על בבא מציעא,כן,בבא מציעא,ב.,פירוש,לא,
22,ברכת שמואל על בבא מציעא,כן,בבא מציעא,ב.,פירוש,לא,
23,ברכת שמואל על בבא מציעא,כן,בבא מציעא,ב.,פירוש,לא,
25,ברכת שמואל על בבא מציעא,כן,בבא מציעא,ב.,פירוש,לא,
26,ברכת שמואל על בבא מציעא,כן,בבא מציעא,ב.,פירוש,לא,
27,ברכת שמואל על בבא מציעא,כן,בבא מציעא,ב.,פירוש,לא,
28,ברכת שמואל על בבא מציעא,כן,בבא מציעא,ב.,פירוש,לא,
31,ברכת שמואל על בבא מציעא,כן,בבא מציעא,ב.,פירוש,לא,
32,ברכת שמואל על בבא מציעא,כן,בבא מציעא,ב.,פירוש,לא,
33,ברכת שמואל על בבא מציעא,כן,בבא מציעא,ב.,פירוש,לא,
34,ברכת שמואל על בבא מציעא,כן,בבא מציעא,ב.,פירוש,לא,
72,ברכת שמואל על בבא מציעא,כן,בבא מציעא,נ:,פירוש,לא,
73,ברכת שמואל על בבא מציעא,כן,בבא מציעא,נ:,פירוש,לא,
74,ברכת שמואל על בבא מציעא,כן,בבא מציעא,נ:,פירוש,לא,
91,ברכת שמואל על בבא מציעא,כן,בבא מציעא,ח.,פירוש,לא,
93,ברכת שמואל על בבא מציעא,כן,בבא מציעא,ח.,פירוש,לא,
94,ברכת שמואל על בבא מציעא,כן,בבא מציעא,ח.,פירוש,לא,
96,ברכת שמואל על בבא מציעא,כן,בבא מציעא,ח.,פירוש,לא,
98,ברכת שמואל על בבא מציעא,כן,בבא מציעא,ח.,פירוש,לא,
99,ברכת שמואל על בבא מציעא,כן,בבא מציעא,ח.,פירוש,לא,
101,ברכת שמואל על בבא מציעא,כן,בבא מציעא,ח.,פירוש,לא,
102,ברכת שמואל על בבא מציעא,כן,בבא מציעא,ח.,פירוש,לא,
126,ברכת שמואל על בבא מציעא,כן,בבא מציעא,י.,פירוש,לא,
127,ברכת שמואל על בבא מציעא,כן,בבא מציעא,י.,פירוש,לא,
128,ברכת שמואל על בבא מציעא,כן,בבא מציעא,י.,פירוש,לא,
130,ברכת שמואל על בבא מציעא,כן,בבא מציעא,י.,פירוש,לא,
131,ברכת שמואל על בבא מציעא,כן,בבא מציעא,י.,פירוש,לא,
132,ברכת שמואל על בבא מציעא,כן,בבא מציעא,י.,פירוש,לא,
133,ברכת שמואל על בבא מציעא,כן,בבא מציעא,י.,פירוש,לא,
134,ברכת שמואל על בבא מציעא,כן,בבא מציעא,י.,פירוש,לא,
136,ברכת שמואל על בבא מציעא,כן,בבא מציעא,י.,פירוש,לא,
137,ברכת שמואל על בבא מציעא,כן,בבא מציעא,י.,פירוש,לא,
138,ברכת שמואל על בבא מציעא,כן,בבא מציעא,י.,פירוש,לא,
139,ברכת שמואל על בבא מציעא,כן,בבא מציעא,י.,פירוש,לא,
285,ברכת שמואל על בבא מציעא,כן,בבא מציעא,כו:,פירוש,לא,
286,ברכת שמואל על בבא מציעא,כן,בבא מציעא,כו:,פירוש,לא,
287,ברכת שמואל על בבא מציעא,כן,בבא מציעא,כו:,פירוש,לא,
289,ברכת שמואל על בבא מציעא,כן,בבא מציעא,כו:,פירוש,לא,
290,ברכת שמואל על בבא מציעא,כן,בבא מציעא,כו:,פירוש,לא,
291,ברכת שמואל על בבא מציעא,כן,בבא מציעא,כו:,פירוש,לא,
292,ברכת שמואל על בבא מציעא,כן,בבא מציעא,כו:,פירוש,לא,
293,ברכת שמואל על בבא מציעא,כן,בבא מציעא,כו:,פירוש,לא,
294,ברכת שמואל על בבא מציעא,כן,בבא מציעא,כו:,פירוש,לא,
298,ברכת שמואל על בבא מציעא,כן,בבא מציעא,כ:,פירוש,לא,
299,ברכת שמואל על בבא מציעא,כן,בבא מציעא,כ:,פירוש,לא,
300,ברכת שמואל על בבא מציעא,כן,בבא מציעא,כ:,פירוש,לא,
301,ברכת שמואל על בבא מציעא,כן,בבא מציעא,כ:,פירוש,לא,
303,ברכת שמואל על בבא מציעא,כן,בבא מציעא,כ:,פירוש,לא,
305,ברכת שמואל על בבא מציעא,כן,בבא מציעא,כ:,פירוש,לא,
306,ברכת שמואל על בבא מציעא,כן,בבא מציעא,כ:,פירוש,לא,
307,ברכת שמואל על בבא מציעא,כן,בבא מציעא,כ:,פירוש,לא,
309,ברכת שמואל על בבא מציעא,כן,בבא מציעא,כ:,פירוש,לא,
311,ברכת שמואל על בבא מציעא,כן,בבא מציעא,כ:,פירוש,לא,
313,ברכת שמואל על בבא מציעא,כן,בבא מציעא,כ:,פירוש,לא,
314,ברכת שמואל על בבא מציעא,כן,בבא מציעא,כ:,פירוש,לא,
315,ברכת שמואל על בבא מציעא,כן,בבא מציעא,כ:,פירוש,לא,
316,ברכת שמואל על בבא מציעא,כן,בבא מציעא,כ:,פירוש,לא,
317,ברכת שמואל על בבא מציעא,כן,בבא מציעא,כ:,פירוש,לא,
319,ברכת שמואל על בבא מציעא,כן,בבא מציעא,כ:,פירוש,לא,
320,ברכת שמואל על בבא מציעא,כן,בבא מציעא,כ:,פירוש,לא,
321,ברכת שמואל על בבא מציעא,כן,בבא מציעא,כ:,פירוש,לא,
416,ברכת שמואל על בבא מציעא,כן,בבא מציעא,לא:,פירוש,לא,
418,ברכת שמואל על בבא מציעא,כן,בבא מציעא,לא:,פירוש,לא,
419,ברכת שמואל על בבא מציעא,כן,בבא מציעא,לא:,פירוש,לא,
421,ברכת שמואל על בבא מציעא,כן,בבא מציעא,לא:,פירוש,לא,
423,ברכת שמואל על בבא מציעא,כן,בבא מציעא,לא:,פירוש,לא,
424,ברכת שמואל על בבא מציעא,כן,בבא מציעא,לא:,פירוש,לא,
426,ברכת שמואל על בבא מציעא,כן,בבא מציעא,לא:,פירוש,לא,
427,ברכת שמואל על בבא מציעא,כן,בבא מציעא,לא:,פירוש,לא,
428,ברכת שמואל על בבא מציעא,כן,בבא מציעא,לא:,פירוש,לא,
429,ברכת שמואל על בבא מציעא,כן,בבא מציעא,לא:,פירוש,לא,
430,ברכת שמואל על בבא מציעא,כן,בבא מציעא,לא:,פירוש,לא,
441,ברכת שמואל על בבא מציעא,כן,בבא מציעא,לה:,פירוש,לא,
442,ברכת שמואל על בבא מציעא,כן,בבא מציעא,לה:,פירוש,לא,
444,ברכת שמואל על בבא מציעא,כן,בבא מציעא,לה:,פירוש,לא,
446,ברכת שמואל על בבא מציעא,כן,בבא מציעא,לה:,פירוש,לא,
447,ברכת שמואל על בבא מציעא,כן,בבא מציעא,לה:,פירוש,לא,
448,ברכת שמואל על בבא מציעא,כן,בבא מציעא,לה:,פירוש,לא,
450,ברכת שמואל על בבא מציעא,כן,בבא מציעא,לה:,פירוש,לא,
451,ברכת שמואל על בבא מציעא,כן,בבא מציעא,לה:,פירוש,לא,
452,ברכת שמואל על בבא מציעא,כן,בבא מציעא,לה:,פירוש,לא,
454,ברכת שמואל על בבא מציעא,כן,בבא מציעא,לה:,פירוש,לא,
456,ברכת שמואל על בבא מציעא,כן,בבא מציעא,לה:,פירוש,לא,
457,ברכת שמואל על בבא מציעא,כן,בבא מציעא,לה:,פירוש,לא,
461,ברכת שמואל על בבא מציעא,כן,בבא מציעא,לה:,פירוש,לא,
462,ברכת שמואל על בבא מציעא,כן,בבא מציעא,לה:,פירוש,לא,
463,ברכת שמואל על בבא מציעא,כן,בבא מציעא,לה:,פירוש,לא,
465,ברכת שמואל על בבא מציעא,כן,בבא מציעא,לה:,פירוש,לא,
467,ברכת שמואל על בבא מציעא,כן,בבא מציעא,לה:,פירוש,לא,
468,ברכת שמואל על בבא מציעא,כן,בבא מציעא,לה:,פירוש,לא,
470,ברכת שמואל על בבא מציעא,כן,בבא מציעא,לה:,פירוש,לא,
472,ברכת שמואל על בבא מציעא,כן,בבא מציעא,לה:,פירוש,לא,
473,ברכת שמואל על בבא מציעא,כן,בבא מציעא,לה:,פירוש,לא,
474,ברכת שמואל על בבא מציעא,כן,בבא מציעא,לה:,פירוש,לא,
476,ברכת שמואל על בבא מציעא,כן,בבא מציעא,לה:,פירוש,לא,
478,ברכת שמואל על בבא מציעא,כן,בבא מציעא,לה:,פירוש,לא,
479,ברכת שמואל על בבא מציעא,כן,בבא מציעא,לה:,פירוש,לא,
524,ברכת שמואל על בבא מציעא,כן,בבא מציעא,לז.,פירוש,לא,
526,ברכת שמואל על בבא מציעא,כן,בבא מציעא,לז.,פירוש,לא,
527,ברכת שמואל על בבא מציעא,כן,בבא מציעא,לז.,פירוש,לא,
529,ברכת שמואל על בבא מציעא,כן,בבא מציעא,לז.,פירוש,לא,
530,ברכת שמואל על בבא מציעא,כן,בבא מציעא,לז.,פירוש,לא,
531,ברכת שמואל על בבא מציעא,כן,בבא מציעא,לז.,פירוש,לא,
564,ברכת שמואל על בבא מציעא,כן,בבא מציעא,מז.,פירוש,לא,
565,ברכת שמואל על בבא מציעא,כן,בבא מציעא,מז.,פירוש,לא,
566,ברכת שמואל על בבא מציעא,כן,בבא מציעא,מז.,פירוש,לא,
567,ברכת שמואל על בבא מציעא,כן,בבא מציעא,מז.,פירוש,לא,
