ספר,שורה,דף,סוג,טקסט
ברכת שמואל על בבא מציעא,9,ב.,עוגן,בדף ב. שנים אוחזין בטלית זה אומר אני מצאתיה וזה אומר אני מצאתיה וכו׳ ו
ברכת שמואל על בבא מציעא,31,ב.,עוגן,"בדף ב. בתוספות ד""ה וזה נוטל רביע, הקשו דאמאי לא נאמר דאין ספק מוציא מי"
ברכת שמואל על בבא מציעא,72,נ:,עוגן,בדף נ: תני רבי חייא מנה לי בידך והלה אומר אין לך בידי כלום והעדים מעיד
ברכת שמואל על בבא מציעא,91,ח.,עוגן,"בדף ח. אמר רמי בר חמא זאת אומרת המגביה מציאה לחבירו קנה וכו', אמר רבא "
ברכת שמואל על בבא מציעא,126,י.,עוגן,בדף י. רב נחמן ורב חסדא דאמרי תרווייהו המגביה מציאה לחבירו לא קנה חביר
ברכת שמואל על בבא מציעא,285,כו:,עוגן,"בדף כ""ו: נטלה לפני יאוש על מנת להחזירה ולאחר יאוש נתכוין לגוזלה עובר ב"
ברכת שמואל על בבא מציעא,298,כ:,עוגן,"בדף כ: יאוש שלא מדעת, אביי אמר לא הוי יאוש, ורבא אומר הוי יאוש. בדבר ש"
ברכת שמואל על בבא מציעא,416,לא:,עוגן,"בדף ל""א: תוד""ה אם, הקשו, ואמי נותנין לו כפועל בטך הא הוי מבריח ארי. ונ"
ברכת שמואל על בבא מציעא,441,לה:,עוגן,בדף לה: במתניתין דהשוכר פרה מחבירו והשאילה לאחר מחלוקת ר' יוסי וחכמים 
ברכת שמואל על בבא מציעא,461,לה:,עוגן,"בדף לה: תוד""ה תחזור פרה וכו', אין לפרש משום דאמר משכיר לשוכר פרתי גבך "
ברכת שמואל על בבא מציעא,524,לז.,עוגן,"בדף ל""ז. במתניתין שנים שהפקידו אצל אחד זה מנה וזה מאתים נותן לזה מנה ו"
ברכת שמואל על בבא מציעא,564,מז.,עוגן,"בדף מ״ז ע״א, בעי שם חליפין ומקפיד עליהן מאי, ופשיט וקני. באור מה דבעי "
